static const char kernel_config_data[] __used = MAGIC_START
	"\x1f\x8b\x08\x00\x00\x00\x00\x00\x02\x03\x8c\x3c\x4d\x73\xe3\x36"
	"\xb2\xf7\xfc\x0a\xd5\xe4\xb2\x7b\xd8\x59\x49\xd6\x78\x3c\xef\x95"
	"\x0f\x20\x09\x4a\x58\x91\x04\x0d\x80\x92\xed\x0b\x4b\xb1\x35\x13"
	"\x57\x3c\xf2\xac\x6c\x27\x99\x7f\xbf\xdd\x00\x3f\x00\x12\x90\x9d"
	"\x4a\x25\x16\xba\x01\x34\x1a\x8d\xfe\x42\x83\xbf\xfe\xf2\xeb\x84"
	"\xbc\xbe\x3c\x7d\xdf\xbd\x3c\xdc\xed\x1e\x1f\x7f\x4e\xbe\xed\x0f"
	"\xfb\xe3\xee\x65\x7f\x3f\xf9\xfa\xf0\xb8\xff\xff\x49\xc2\x27\x05"
	"\x57\x13\x9a\x30\xf5\x11\x90\xb3\x87\xc3\xeb\xdf\xff\xde\x1d\xbf"
	"\x9f\x2f\x26\x8b\x8f\xb3\x2f\x1f\x67\x9f\x3e\x4f\xd6\xfb\xe3\x61"
	"\xff\x38\x89\x9f\x0e\x5f\x1f\xbe\xbd\x42\xef\x87\xa7\xc3\x2f\xbf"
	"\xfe\x02\xff\xfe\x0a\x8d\xdf\x7f\xc0\x40\xc7\xff\x9b\x54\xbf\xbd"
	"\x1e\x5e\x5e\x27\x77\x8f\xbb\xc3\xb7\xc9\x9f\xfb\xe3\x33\x60\x4d"
	"\x66\x17\x1f\x67\x1f\xcf\x26\xff\x98\xbd\x6a\xe8\xec\x9f\xd0\x29"
	"\xe6\x45\xca\x96\xf5\x32\x8e\xeb\x0d\x15\x92\xf1\xe2\x72\xda\x36"
	"\x42\x1b\x93\x75\x9c\x91\x62\x79\xf9\xb3\x6d\xcc\x12\x6c\xcc\xb2"
	"\xa4\x6f\xd2\x18\x5d\xf7\xd9\xc5\x74\x36\x3d\xb3\xc6\x58\x11\x59"
	"\x13\x99\xd7\x4b\xae\x78\xdf\x49\x71\x9e\xc9\x5a\x56\x65\xc9\x85"
	"\xaa\x05\xcd\x44\x0f\x63\xe2\xaa\xde\x72\xb1\xee\x5b\xa2\x8a\x65"
	"\x89\x62\x39\xad\xe9\xb5\x22\x51\x46\x6b\x09\xdd\xac\xd1\x56\x82"
	"\x12\xa0\xac\x48\x39\xfc\xa7\x56\x44\x62\x67\xcd\x94\xa5\x66\xf2"
	"\xe3\xe4\x79\xff\xf2\xfa\xa3\x5f\x31\x2b\x98\xaa\x69\xb1\xa9\x89"
	"\x80\x45\xb1\x9c\xa9\xcb\xb3\x39\xf2\xb0\xa1\x9b\xe7\x25\x83\x69"
	"\x14\x95\x6a\xf2\xf0\x3c\x39\x3c\xbd\xe0\x08\x1d\x17\x78\x4c\xb2"
	"\x76\xc5\x1f\xfe\xf5\x63\x7f\xfc\xfa\xa1\xef\x6c\x43\x6b\x52\x29"
	"\xee\x19\x41\xaf\xa8\x96\x24\x53\x97\x1f\x3e\xb4\x8d\x2b\xb2\xa1"
	"\xf5\x9a\x8a\x82\x66\xf5\xf2\x96\x95\xfd\x02\x6d\x48\x76\xbb\x00"
	"\x40\x37\x9b\x85\xef\x99\xc7\xe9\xd3\xb4\x25\x34\x25\x55\xa6\xea"
	"\x15\x97\xaa\x20\x39\xbd\xfc\xf0\x8f\xc3\xd3\x61\xff\xcf\x8e\x0e"
	"\xb9\x25\xa5\x3d\x85\xbc\x91\x1b\x56\xc6\x9e\xe1\x4b\x2e\xd9\x75"
	"\x9d\x5f\x55\xb4\xa2\xfd\x04\x76\x2b\x76\x8e\x55\x66\x89\x8b\xe0"
	"\x52\xd6\x39\xcd\xb9\xb8\xa9\x89\x52\x24\x5e\xd9\x73\x55\x92\x66"
	"\x2c\xf2\x4c\x45\x2a\x38\x17\x03\x8e\x10\x11\xaf\x0c\x00\x67\x21"
	"\x99\x35\xcd\x89\xd6\x7a\x4b\x94\x9e\xd4\x69\x54\x82\xd2\x56\x68"
	"\x40\x02\x27\xcf\xaf\xbf\x3d\xff\x7c\x7e\xd9\x7f\xb7\x8e\x09\x2d"
	"\xa8\x60\xb1\x16\xd0\x52\xf0\xc8\x5a\xb2\x0d\x92\x2b\xbe\x0d\x43"
	"\xea\x8c\x6e\x68\xe6\x87\xd3\x34\xa5\xb1\x62\xb8\xb2\x34\xad\x73"
	"\x23\xc6\x1e\xbc\x9c\x2d\x05\x51\x28\x7c\x16\x3f\x44\x02\x20\x38"
	"\x53\x5b\x38\x4e\x92\x16\x89\x7b\xa0\x12\x9e\x13\x56\xf8\xda\xea"
	"\x15\xa3\x02\x39\x79\x33\x9e\x2c\x97\x0c\x31\x83\x80\xd1\xb0\x2b"
	"\x52\x24\x70\x6e\x9a\x91\x9d\xae\x88\x9e\x72\x11\xd3\xa4\x39\xaf"
	"\xcc\x56\x2c\xb2\x24\x42\xd2\xa6\x47\x27\x0d\xf6\xa2\x13\x1a\x55"
	"\xcb\x54\x7a\x44\xc3\x61\x0d\x48\x36\x6b\xc8\xb0\x74\x8a\x96\x94"
	"\x18\x4e\xe6\x5a\xf2\x0a\x68\xa8\x13\xa2\xc8\x78\x59\x5a\xc7\x6c"
	"\x46\x62\xd3\x82\xf5\x00\xb0\x7d\x85\x92\x83\xa1\x51\xcb\x29\x16"
	"\xaf\xeb\x48\x70\x92\xc4\x44\xaa\x93\xbd\x1d\x34\x2d\x72\xea\xe1"
	"\x3b\xe8\x69\x9f\xd4\xe9\x61\x79\x41\x41\x78\xac\x41\x0b\x5e\xaf"
	"\x6e\x51\x4f\xe5\x5a\x0a\x3a\x8e\x41\x63\x09\xb3\xf1\x84\xf9\xce"
	"\xab\xe9\xc5\x80\x37\x76\x1f\xd3\x9a\x56\x59\x16\xea\x62\x6d\x30"
	"\x5b\xae\x50\xc0\x34\xab\x84\xb4\x87\x29\xe1\x04\xe5\xa5\x82\x1e"
	"\x05\xb5\x07\x1a\x21\x6c\x78\x56\x15\x8a\x88\x1b\x9f\x46\x31\x38"
	"\x96\x32\x69\x3a\xc5\x1c\xfa\xb4\xdc\x8a\xcb\xea\xdf\x6a\xf7\xfc"
	"\xc7\xe4\x05\xd8\x36\xd9\x1d\xee\x27\xcf\x2f\xbb\x97\xe7\xc9\xee"
	"\xee\xee\x09\x8c\xdb\xc3\xe1\xdb\x80\x7f\xd0\xa1\x26\xb1\x1e\xc3"
	"\x88\x5d\x47\xd4\x86\x81\x01\x72\xc1\xb8\x63\x1e\xd2\x50\xbc\xb4"
	"\x80\x38\x03\xb5\xf2\x1b\xaf\x40\xb0\xb7\xa8\xd0\x5d\x1d\x65\x00"
	"\x64\xb3\x1c\xca\x76\x24\x13\xd4\x22\x31\x05\x75\x08\x23\xfa\xec"
	"\x0c\x1a\x32\xa9\x88\x2d\x6d\xd8\x04\x47\x21\x23\x37\xba\xd3\x00"
	"\x70\xed\x69\x63\xdc\x4b\x70\x29\x99\xb3\x79\x70\xa0\x5b\xc3\x90"
	"\x30\x89\x46\x36\xf1\x6f\x22\x20\xa6\x4a\x90\x98\x7a\x08\x46\x3e"
	"\x32\xc9\xb3\x56\x39\xe9\xcd\x12\x71\x35\x91\x63\xb9\x6e\x37\x16"
	"\xc0\x3d\x55\xf0\x03\x6c\x3c\x48\xb0\xb5\x0a\xe9\x60\xa0\x9e\x1e"
	"\x36\x21\x9b\xc6\xe3\x00\xe7\xb2\xac\x3f\x22\x16\xa4\xa0\xb0\x25"
	"\x92\x2e\xe3\x28\x63\xf6\x49\x45\x58\x4a\x0a\x5e\xa9\xcb\xf3\xc5"
	"\xb8\x11\x54\x37\x49\x2f\x67\xe7\x2e\x44\xaa\xee\x8c\x74\x4c\x42"
	"\x48\xc4\xb9\xd7\x79\xd0\x04\xf0\x38\x42\x66\x0d\x5c\x9c\x3a\x62"
	"\xc5\x3c\xb6\x54\xe6\xda\xfc\x31\x6e\xd1\x92\x63\x37\xaf\x40\xa1"
	"\x9a\xf3\xd8\x79\x21\x38\x68\x0a\x36\x87\xa5\xea\x72\xf6\xd9\x76"
	"\x6e\x0a\xd8\x22\x5a\xa7\x59\x25\x57\xa0\x59\xc0\x11\x50\x65\x56"
	"\x2d\xbd\x8e\x8e\xd9\xd3\x9c\x5c\xbb\x83\x75\x54\xb0\x42\xad\xc1"
	"\x8f\x49\xe9\x70\xc2\xb3\xa1\xfa\x33\x07\x41\x2b\xc1\x56\x32\xe4"
	"\xdd\xef\xfb\xfb\x57\x70\x59\x27\x5f\xf7\xbb\x97\xd7\xe3\xfe\xd9"
	"\x9c\xee\xc6\x15\x00\xcf\x32\x2f\xf5\xee\xda\xa4\x69\x94\x94\x30"
	"\xa1\xbb\xeb\xde\x2f\xaf\x87\xdd\x6f\x8f\xba\x77\x4b\x18\x05\x39"
	"\xae\x14\xcb\xe0\x10\x66\x69\xc6\x80\xbe\xb3\xb9\x23\xef\x63\x84"
	"\xd9\xb9\x5f\xe0\xc7\x98\x17\x3e\xff\x04\xcd\x40\xe3\xd0\xca\xba"
	"\xa8\x72\x52\x47\x04\x5c\xe3\xd8\x39\x75\x2e\x16\x30\x6f\x36\xbf"
	"\xb0\x7c\xa3\xa5\xe0\x55\x69\x6d\x62\x49\x96\xd4\x68\x3e\xdb\x98"
	"\x81\xf3\x14\x2f\x07\x3f\x5b\xa7\x6d\xd4\x06\x5e\xae\x3e\xcc\x43"
	"\xd8\x1a\xfe\x67\x89\x5f\xb6\x6e\x66\xb7\x99\xa4\x4d\xae\x05\xf3"
	"\x9d\x78\x0d\xa8\xb7\x82\x29\x1a\x91\x78\x3d\x5c\x8c\xd9\xf6\xbe"
	"\x15\x37\xae\x76\x21\xbd\x60\xa6\x60\x18\xc1\x72\x6f\x59\xa2\x56"
	"\xde\xbd\x00\x55\x6d\xf5\x0d\x93\x53\xb2\xc4\x31\x4d\x4d\xb3\x48"
	"\x72\x12\xee\x94\x82\x66\xb9\xb5\xf9\x0c\x92\x2f\xa9\xad\x7c\xf1"
	"\xd0\xe1\xd8\x0d\x64\xb4\xd6\x84\x6e\x58\x4c\x47\xcd\x80\xdd\xe8"
	"\xe5\x21\x41\xa0\xe8\xd2\x30\x41\x51\x99\x7a\xfa\xe8\x4d\xf1\x74"
	"\x92\x3c\x5e\x77\x38\xc6\xbb\xe9\x3d\x78\x73\xf6\xb8\x00\x69\x52"
	"\x5e\x2b\x0f\x71\x00\xb8\x60\x60\x8c\x7a\xea\x2b\x94\x63\xeb\x37"
	"\x84\x00\xce\x6f\x60\x81\x70\x1a\x90\x33\xf6\xef\x82\x2a\xf3\xbb"
	"\x5f\xc2\x8a\xc6\xeb\x92\x83\xdc\xa3\x0f\xa1\x80\x1e\xdf\x42\x8c"
	"\xc5\x84\xc0\xa9\x15\x48\x07\xa0\xaa\x82\x0e\xa2\x13\x90\x9b\x84"
	"\x82\x3d\x89\x89\x0a\x58\x2d\x81\x16\xd3\x17\x87\x65\x68\x4d\x37"
	"\x3a\x1e\x14\xb6\xcb\x8c\xbf\x49\x0e\x03\x1b\x7f\xd1\x8a\xd2\x44"
	"\x32\x08\xce\xa0\x21\x82\x86\xb9\xd3\x92\xdd\xe6\xce\x0e\x40\xd3"
	"\xf5\xad\x9f\x34\x44\xe6\x61\xd0\xc2\x27\x20\x71\xcd\x4b\xf0\x45"
	"\xd8\x2d\x45\x9f\x5a\xcb\x11\x17\x39\x68\x1b\x87\x35\x43\x34\x09"
	"\x7f\xf8\x18\x3e\x08\xd1\xcc\x6f\xb0\xc3\x31\x2d\xd1\x90\xd7\xda"
	"\xdc\x5b\xca\x42\xcb\x65\xf3\x63\x68\xad\xb5\x03\x8e\xa2\xe1\xec"
	"\xd1\x92\x2a\x0c\x67\xea\xc6\xb5\xf6\x13\x81\xdc\xee\x5c\x6f\x7b"
	"\x7f\x91\x1a\x4f\xcf\x0e\x25\x35\xfe\x7e\x30\x40\xed\x7c\x55\xc7"
	"\x6c\x0d\x7f\xd7\x45\xce\x6c\x83\x6c\xa9\x58\x9a\xa5\xfa\xf4\x58"
	"\x60\x02\xd1\x0a\xba\xcc\x96\x6a\xab\x14\xbd\x1e\xfc\x84\x33\x61"
	"\x8d\x52\x72\x1b\x5f\xb2\x65\x01\x16\xc5\x92\x3a\x4d\xa7\xdd\xa0"
	"\xa3\x05\xbb\x41\xae\x1c\xb5\x4d\x98\x95\x53\x21\xc9\x86\x49\xda"
	"\x32\x4a\x3a\x0a\x3f\x22\x42\x30\x5b\xb7\xad\x11\xe5\x26\x97\xe3"
	"\x96\xda\x09\x7d\xba\x56\xbd\x60\x3c\x46\x18\x9f\x3a\xb2\x50\x8f"
	"\xe2\x25\x6c\xfc\x0f\xc4\xd4\x24\xdb\x92\x1b\x59\xbb\x11\x0a\xca"
	"\x86\xf6\x33\xd3\x24\x64\x46\x31\x9a\xea\x89\x86\xf1\x8b\x78\xc0"
	"\x7e\x88\x15\xaf\xc6\x96\x0a\x5b\x3d\x63\xc2\x48\x34\x49\x6c\x2b"
	"\xa4\x3d\x73\x3c\x34\x75\x17\xcd\xf5\xf6\x3e\x9e\x4d\x17\x23\x87"
	"\xa3\x49\xbc\x95\xfb\xe3\xd7\xa7\xe3\xf7\xdd\xe1\x6e\x3f\xa1\x7f"
	"\xee\x0f\x10\x73\x10\x88\x3e\x62\x8c\x3a\x20\x7e\xb3\x1d\x10\xff"
	"\xe0\xd8\xac\x15\xa7\x84\x88\xdd\x1f\x26\x99\xb5\xb4\x98\xf5\x26"
	"\x07\xde\x72\x5f\x34\xb7\xc9\xcd\x0c\xad\x87\xe0\xcc\x24\xb3\x2a"
	"\x1a\xdb\x0a\x17\xdc\x78\x09\xfa\xe4\xf1\xc2\x8b\x87\x99\x30\xa2"
	"\x20\x5e\x5d\x07\x86\x21\xbe\x64\x0d\x8e\xee\x12\xc3\xfd\x68\x04"
	"\x89\x10\xe0\xe4\x34\xb1\x87\x25\xe9\x08\x43\x93\x8c\x2e\x7a\x2d"
	"\xe0\x80\xf3\x3c\x04\xc5\xe4\x07\x78\x99\xf6\x39\xc1\xe5\xa1\xe7"
	"\x5a\x12\xa1\x18\x71\x95\x9b\xa2\xb9\xb6\x90\x98\xb4\x64\x29\x8b"
	"\x07\xa9\x14\xb0\xf2\x29\xcb\x1c\xb7\x4d\x2b\x40\x6d\xb7\x9c\xc0"
	"\x3f\x3f\xb7\xd2\x6a\xe7\x8b\xc8\x4e\x50\xe5\x79\x35\x40\x35\xde"
	"\x5c\xe3\x1e\xcf\x5d\x10\xfc\x50\x0d\x68\xe1\x1c\x85\x3c\x07\x17"
	"\x4e\x14\x18\x1a\x80\x39\xce\x19\x66\x58\x4f\x21\x90\xeb\xcb\x79"
	"\x60\x84\x76\x2b\xbb\x81\x66\xef\xc0\x83\xf1\xfa\x80\x07\x22\xaa"
	"\x78\xad\x79\xd1\xfa\xb0\x96\xc5\xcc\x32\xba\x24\x59\xad\xb9\x04"
	"\xf2\xbd\x21\x59\x45\x2f\xa7\x7f\xdf\xef\x77\xf7\x53\xeb\x1f\x2b"
	"\x87\xba\x06\xa3\x3d\x1e\xc8\x8c\x0f\xc1\x72\x9a\x91\xa5\x1c\xc3"
	"\xc5\x56\xc2\xfe\x5d\xc7\xab\x25\x49\xc0\x4d\xc8\x96\x1c\x7c\xcf"
	"\x55\x3e\xce\xb7\x38\x1a\xdc\x6a\xec\xb4\x58\x4b\xab\x1c\xa3\xad"
	"\xb6\x94\x2d\x57\xbe\x24\x8e\xac\x3c\x53\x81\xfa\x63\x91\x00\xef"
	"\xc3\x84\xe6\x3d\xc2\x2d\x2f\xa0\x2d\x27\x67\xf3\x81\xf2\x69\x7b"
	"\x2e\x1d\x07\x27\xb7\x7e\x34\xa9\xdb\x9c\x27\x14\x3c\x29\x5b\x40"
	"\x53\x30\x69\x94\x88\xec\x06\x7e\xd7\x8e\x3d\x28\x97\x26\x3d\xae"
	"\x73\x8c\xf2\xf2\xcc\x1f\x76\x54\x3a\x79\x39\x4c\x61\x69\xe7\x76"
	"\xad\x7d\x44\x30\x5c\x5d\xaa\xa5\x7c\xdc\xbd\xa0\xca\x83\x73\xfb"
	"\xb8\xbf\x6b\xee\x1b\xba\x83\x6d\x32\xb0\x31\x1e\x20\xe9\x55\x10"
	"\xcd\xcc\xc5\x35\x0b\x83\x49\x56\xb2\x40\xca\x48\xc3\xa3\x38\x9f"
	"\x5f\x9c\x7d\x3a\x89\x00\xde\xa9\x70\x95\xe4\x00\x85\x0a\x38\xd2"
	"\x27\xe0\x22\xce\xa5\x8a\xc2\x08\xf4\xfa\xa6\xe0\x27\xd6\xb8\x3e"
	"\x0b\xc3\x40\x24\x40\xca\x62\x52\x9e\x58\x64\xb6\x9c\xad\xc3\xd0"
	"\x15\x93\x27\x18\x98\xd3\x84\x81\xf0\xad\x4f\x61\x48\x7e\x62\xf5"
	"\xf9\x06\x0c\x45\x18\x7c\x05\x2a\x21\x0c\x15\x94\x64\x27\x27\x87"
	"\x8d\x59\xc7\x2b\xf7\x7e\x62\x20\x20\x94\x28\x95\x9d\xe0\x0e\xb8"
	"\x00\x57\x10\x44\x51\x71\x8a\x8c\x82\x4a\x72\x4a\x0a\x15\x26\xcd"
	"\xaf\x67\xd3\x30\x8a\xa2\x4b\x41\x4e\x8c\x50\x8a\xe4\x44\xe7\x55"
	"\x55\x24\xa7\x28\x6c\x10\xe6\x61\x8c\xaa\x60\x25\xa6\xe3\xc3\x18"
	"\x1b\xf0\xb7\x21\x74\x3a\xb1\xcc\x6b\x54\x2d\x61\xf0\xed\xf5\x09"
	"\x18\x70\x39\x2f\x47\xbe\x4f\xf4\x8a\x89\xe9\x1f\x3f\x9e\x8e\x2f"
	"\x96\x83\x13\x5b\x9e\x2d\xfc\x68\x72\xfe\xd2\xdb\xd8\xaa\x3b\x17"
	"\xe8\x71\xf6\xa1\x99\xa2\x92\x8a\x2a\x5f\xa2\x1f\x3b\xe5\x72\x30"
	"\x6f\xe8\x2a\x02\x61\x57\x15\x13\xeb\x81\x77\xc7\x4e\x78\x45\x9a"
	"\x2a\x55\x45\x41\x20\xe3\x9b\x20\x0c\xa2\x88\x30\x8c\x48\xe6\x17"
	"\x9d\x26\xf9\x86\x58\x23\xc6\x63\xdb\xdd\xd3\xe1\xe5\xf8\xf4\x88"
	"\x69\xae\xfb\xe3\xc3\x9f\xc6\xc9\x34\x2a\x78\x77\xbf\x47\x3f\x14"
	"\xb0\xf6\x16\x9a\xbd\x57\x0e\x5f\xc1\x4a\x81\x97\x04\xb6\x75\x35"
	"\x48\x4c\x3a\x94\xa6\x0a\xfe\x3b\x9b\x4e\x83\x08\xd8\xbb\xdd\xcf"
	"\x10\x12\xad\xaf\xd1\x83\xba\x0e\x0e\x12\x16\xd2\x6e\x8a\xe6\xb4"
	"\x80\x23\x9c\xbf\x0f\x11\xc2\xff\x7c\xc4\xc2\x64\xff\xfc\xf0\xed"
	"\xb0\xdd\x1d\x35\x9f\xc0\x51\x87\x3f\x64\x80\x3f\xc9\xb6\x2e\xc1"
	"\x33\x38\xcd\x9f\xa0\x26\xd6\x43\xac\x99\x70\xad\x4c\xb7\x8f\xf4"
	"\x70\xff\xe3\xe9\xe1\x30\x9c\xb5\xa6\x45\xa2\xdd\x10\x6f\xa7\xe7"
	"\xbf\x1e\x5e\xee\x7e\xf7\xcb\x80\x2b\xb4\x5b\xf8\x97\xa9\x78\xa5"
	"\x68\x1c\x8a\x5d\xd2\x3e\xc7\xaa\x9b\xc1\xf3\x9c\xec\x8f\xc7\xdd"
	"\xcb\x6e\xf2\xd7\xd3\xf1\x8f\xdd\x11\x82\x98\xfb\xe7\xc9\x9f\x0f"
	"\xbb\xc9\xcb\xef\xfb\xc9\xee\x11\x22\x9a\xc3\xee\x05\xe6\x7b\x9e"
	"\x7c\x3d\xee\xbe\xef\x11\xab\x57\x00\xc6\x71\xa5\x02\x94\x6a\x95"
	"\xd7\x17\xf3\xf3\xb3\xd9\x97\xa1\xc7\xdb\x43\x3f\x9f\x84\x2e\xa6"
	"\xe7\x61\xe8\xec\xcb\xe2\xf3\x3c\x08\x3d\x9b\x4f\x3f\x7f\x0a\x43"
	"\x17\xf3\xf9\x34\x08\x5d\x9c\x2d\xc2\x54\xcd\xa6\xf3\xc5\xe7\xd9"
	"\x45\x10\x3c\xbb\xb8\xb8\xf8\x7c\x16\x04\x2f\xce\xcf\xe6\xf3\x20"
	"\x61\xb3\x4f\x8b\xf9\xe2\xc4\xe0\x1a\x6c\x91\x16\x93\x0d\x83\xf6"
	"\x16\x3e\x9f\x9f\xd9\x8b\x1e\x42\xcf\xa0\x7f\x18\xfa\x79\xf1\xe9"
	"\x3c\x08\x3d\x9b\xce\x66\xd6\xc8\x68\xf9\xeb\x94\x64\x6b\x2e\x2c"
	"\xc6\x4c\xcf\xde\xc4\xf8\x32\xc0\xb8\x4a\x52\xd8\xe5\x69\x87\x32"
	"\x9d\x9e\x5b\xd3\x48\x1e\x83\x07\x09\x5e\x67\x6f\xe8\xf1\x7e\x88"
	"\xd9\xe1\x16\x1e\xbc\x8c\xa1\xcb\xdb\x4d\x73\x3e\x3b\x9f\x4e\x2f"
	"\xa6\xf3\xd3\xd4\x50\x88\xe7\x67\x43\x4e\x2f\xd6\x3a\x1c\x73\x6c"
	"\x83\x81\xcc\xce\x1b\x50\xc0\x4e\x22\xce\xf9\xc2\x83\xe3\x60\x6c"
	"\x88\x09\xa0\xce\xbe\x8c\x67\x68\x61\x8b\x8b\xb7\xba\x5f\x9e\x7d"
	"\x19\x86\x90\x6d\xd7\x71\x70\x69\x7a\x2c\x2e\xac\xe0\x1d\x02\xe0"
	"\x08\x13\x20\x05\xf8\x87\x45\x30\xd5\x9a\xc7\xc3\x1c\xab\xcc\xed"
	"\xab\x66\xa1\xf3\xdd\x97\x5d\xdc\xd9\x9a\x2c\xe7\x02\xcb\x38\xc9"
	"\xfa\xae\xa1\xad\xee\x68\xf0\xde\xc2\x11\xf0\x97\x9d\x52\xd2\x58"
	"\x30\xe9\xb2\x64\xfc\x72\xfe\xe9\xdc\xba\xa8\xae\xbc\xf9\xfb\x15"
	"\xcf\x28\x5e\xa6\xe8\x68\x6b\x70\x19\x1e\xb2\x64\x00\x9a\x7f\x9a"
	"\xfa\x06\xbb\x85\x33\x30\x1d\x8f\xe2\xc7\xbd\x3c\xeb\x23\x5a\xc3"
	"\xba\x95\xc0\x0b\xe7\xd0\x8d\x4f\x93\xdb\x01\xd1\xd1\x49\x1d\x4f"
	"\x15\x81\x59\x8c\xe1\x0e\xc6\x7e\xd9\x70\x28\x5d\x28\x01\xf0\x86"
	"\x91\x41\xf0\x28\xa3\xd2\x78\xda\x19\x8d\x55\xcb\x7d\xdf\x04\x10"
	"\x76\x2b\xdf\xf0\x7d\xc5\x4d\x99\x16\x18\xde\x33\x3b\xa1\xb6\x1d"
	"\x64\xbc\xfa\x6c\x4b\xbf\xf8\x55\xb5\xa4\x2a\x8b\xd2\x61\xe4\xb9"
	"\x25\x85\xd2\xc0\xba\xcc\x13\x93\x18\xf3\x30\x26\x26\xc0\xdf\x1a"
	"\xbc\x0a\xaa\xf3\xd8\xe3\x63\x05\x61\xb6\x4e\x98\x31\x9e\xe7\x95"
	"\x3f\x69\x6e\x6e\xe4\x57\x24\xe1\x5b\x8c\xd9\x33\x93\xd1\xb0\xc8"
	"\xa5\x31\x66\x3f\x1c\x87\x91\x08\x82\x35\x02\x7e\x9b\xdf\x00\x87"
	"\x75\x01\x5e\xe4\x35\xbd\xa6\x7e\x8f\x29\x16\x44\xae\xea\xa4\xca"
	"\xfd\x21\xd2\x35\xf5\x87\x6e\x7c\x9d\x2d\xea\x65\xe5\xaf\x51\xd3"
	"\xa5\x36\xfa\xe2\x16\x4f\x05\x17\xe0\x21\x59\x19\x9f\xaa\xc0\x6c"
	"\x4f\x93\x62\x00\x97\x87\x66\xae\xc8\xeb\x84\x1a\x04\xc5\xa4\xd0"
	"\x99\x01\x88\x2f\x63\xc5\x85\xef\x08\x18\x4c\x9a\xcd\x21\x34\x41"
	"\x1c\x8f\x46\x95\x32\x0a\xd4\x12\x60\xde\xbd\xde\x80\xb4\x41\x84"
	"\xcc\x2b\x15\x54\x87\x8a\x2c\x97\x78\x27\x94\x24\xa2\x26\x11\xf3"
	"\x4c\xb1\xad\x95\x8a\xc4\x14\x76\x64\xec\x7e\x01\xca\x9f\x17\x1f"
	"\x67\x93\xdd\xf1\xee\xf7\x87\x97\xfd\x1d\x78\x41\xbb\x47\xfb\xca"
	"\xd9\x19\x0a\x44\x99\xa4\x49\x94\x8f\x15\x6c\x31\x9e\x37\x03\x79"
	"\x23\x8a\xe7\x2c\x3e\x61\x0a\x56\x5d\x61\x99\xa1\x64\xfe\x4e\x4a"
	"\x2a\xc2\xc7\x33\x96\xb9\xeb\x0f\x3b\x40\x90\x23\x2c\x91\x2c\x86"
	"\xb4\x4b\x57\xbf\x62\x13\x1c\xfd\x0a\xd4\x70\x99\xd9\xc7\x55\x50"
	"\x2c\x5e\x54\xee\xc1\x37\xb9\x57\xbc\x43\xc2\x3b\x00\x5f\x7b\x33"
	"\x96\xa0\x4b\xbc\x2d\x6a\x6e\x45\x4c\xe8\xf8\x04\x64\x3e\xfd\xc0"
	"\xb4\x91\xb5\xbc\x38\x4f\xf0\x1c\xe3\xa5\x5a\xb7\x3a\x9a\xfa\xdd"
	"\x6a\x53\x18\x61\x68\x26\x65\x09\xa6\x0c\x04\x21\x51\x51\xcd\x72"
	"\xd0\xa2\xc1\xd2\x4a\xd3\xa1\x11\x70\x3c\xd3\x18\x34\x23\x75\xcd"
	"\xdd\x9d\x77\xfc\xaa\x68\x31\x61\x0e\xd3\xd7\x7f\x92\xc5\x0d\x87"
	"\x8d\xa8\x74\x99\x2a\x11\x70\xe8\x93\x37\x69\x4f\x54\x0d\x56\x4e"
	"\x0c\xae\x21\x07\x79\xf6\x71\x10\xf0\xf4\x17\x38\xfd\xdf\x77\x87"
	"\xdd\xb7\xfd\xf7\xfd\xc1\xc3\x4b\x59\xc9\xd2\xa9\xf6\x6b\x1a\xac"
	"\xeb\xec\x3e\x0d\xdf\x80\xe4\x9a\x95\xfa\x56\xc5\x6f\x1a\x59\x04"
	"\x4b\xd7\x49\x71\x5f\x0c\x9e\xd7\x32\xa3\xd4\x4a\x54\xb6\x2d\x4d"
	"\xfa\xb2\x3f\xdd\xb9\xbe\xc4\xd5\x30\xff\x40\x5b\xb2\xa6\xba\x26"
	"\xcf\x19\xac\x6b\x6d\x0a\x73\xa7\xce\x90\x3d\x74\xe9\xad\x48\xcd"
	"\x07\x24\x84\xae\xcb\x01\x14\x67\x6b\x1b\x79\x7b\x55\x97\x7c\x8b"
	"\x81\x64\x9a\x32\x08\xe6\x40\x35\x35\x36\x34\x50\xe9\x54\x5a\x3a"
	"\x02\xe3\xe1\x65\x6f\x50\x47\x2c\x0f\x91\xd1\x64\xf7\x3a\x8e\xe3"
	"\x8d\xa5\x64\x1e\xbb\xde\x8c\x63\x81\xdb\x4a\xb8\x46\x48\xf2\x4e"
	"\x48\xba\x04\x01\xc0\xd8\xfd\xe3\xde\x3a\x78\x58\x9f\x95\xd8\x83"
	"\xb7\x2d\xe6\xde\xb6\xc4\xda\x4d\xc1\x36\x83\xbb\xa4\x0e\x69\xc9"
	"\x37\x75\x06\x5a\x98\x8a\x50\xf1\x57\x8b\x95\xd3\xa2\xb2\xb4\x5e"
	"\x47\xcb\x24\x19\x07\xb0\x00\xc7\xce\x6c\x70\x85\xdb\xad\x21\x3d"
	"\xee\xff\xfb\xba\x3f\xdc\xfd\x9c\x3c\xdf\xed\x1e\x9d\xe2\x3e\x9c"
	"\x13\x04\xfd\xca\x5d\x10\xb6\x68\x2a\x88\x52\xa2\x76\x2b\x35\x6c"
	"\xf0\xb0\x36\xac\x03\x62\xd1\x9d\xa7\x19\xad\xbc\xf4\xb4\xb7\x85"
	"\x73\x38\x66\xe8\x2a\xde\x8b\x8b\xe2\x26\xc1\x27\xf1\xab\x04\x5f"
	"\x17\xbc\x3b\xd4\x85\x1a\xef\xef\xc2\x41\x65\x02\x3d\xc9\xfb\x7b"
	"\x60\x85\x18\x15\x1b\x7d\x49\xf2\xfe\x5e\xda\xff\xc5\x42\xa9\x80"
	"\x6c\x74\x6c\x77\x59\xe4\xc5\x68\x19\x13\x80\x77\x5c\x08\xc0\xdb"
	"\x25\x07\xf7\xbd\x5f\x9f\x8b\xa2\x8b\xf6\x02\xbd\xba\xf5\xd9\x67"
	"\xef\xeb\x50\x36\x7d\x19\x1a\x40\x34\xdc\x52\x21\x6e\x1a\x70\x95"
	"\xe7\x37\xa1\xa8\x53\x07\x72\x19\xc3\x34\x79\xdb\xe1\xf4\xd6\xe4"
	"\xd2\x9f\x37\xbb\xe2\x82\x5d\xf9\x86\x30\x85\x75\x0f\xc7\xef\x7f"
	"\x61\xb6\xac\x3f\xa7\x16\x0d\xa5\xc4\x0c\xe1\x76\xe0\x95\x98\x66"
	"\x5d\xdb\x13\x4c\x5d\x83\x8d\x88\x73\xcc\x91\x72\xc5\x63\x9e\x9d"
	"\xc0\x2a\xdf\x83\x95\xd0\x5a\x5f\xdd\xa5\xa1\x93\x90\x32\x91\x6f"
	"\x21\x90\xc0\x48\x07\x5c\x5d\x3f\x0e\x04\x01\x69\x73\xff\xed\x91"
	"\x59\x9d\x4b\x00\xaa\x07\xd9\x05\x68\xa9\xcf\x9d\x27\x18\x5d\x33"
	"\x84\x15\x45\xc6\x49\x62\x2e\xed\xc2\xc6\xa3\x09\xa5\xa0\x53\x1e"
	"\xc7\xb1\x53\xf0\xce\xf9\x12\x4b\x33\x1b\xea\x47\xdb\xa3\xf6\xdf"
	"\x8e\xbb\xc9\xd7\x76\x93\x8c\xac\xf5\x7b\x04\x7b\x5e\xab\x5b\x2c"
	"\xc5\xb4\x07\x6d\x5a\xaf\x24\xd5\x55\x9a\x21\x82\xd6\x9b\x1c\x13"
	"\xe9\x78\x53\x33\x7c\x79\x62\x20\x69\xe2\x6f\xaf\xc1\x03\x72\x8b"
	"\x8b\x3b\xe8\xa8\x80\x05\x1b\xf3\xdc\x2e\x5b\xe9\x70\x9d\xcc\x7e"
	"\xd7\x8a\xf2\x8c\x17\xb6\xd7\x66\xc3\xb1\x24\xc9\x1d\x6d\x93\x7a"
	"\x47\x33\x37\x2e\x59\xd4\x94\xb9\xba\x45\x2d\x00\x6f\x2f\x60\x13"
	"\x08\xdf\x6e\xb0\x76\x55\x3f\x21\x42\xc9\xa3\xb1\x0a\xac\x33\xba"
	"\x29\x89\x94\x1e\xe0\x46\x53\x59\x15\xa6\x38\x70\x45\x8a\x25\x75"
	"\x1f\x3e\x98\x9e\x10\x8e\x15\xe0\xb4\x5a\x65\x38\x18\x3c\x56\x10"
	"\x4a\xdf\x0e\x6a\x10\x60\x50\x97\x5c\x94\x96\x95\xa3\x9b\xda\xd6"
	"\xd2\x2e\x34\xd0\x94\x16\xb0\x26\x0c\xf2\xfb\x80\xac\x9d\x4d\xe7"
	"\xcb\x0b\xdb\x1e\x9a\xa6\x8d\xe4\x76\x18\xbc\x69\x66\xea\x8b\xe4"
	"\x35\x96\x79\xba\x63\x92\x49\x35\xde\xf6\xc7\x37\x27\x72\x64\xb1"
	"\xb8\x29\x95\xbf\xae\x8d\xa4\x75\xc1\xb1\x56\x89\xa2\x87\x37\x76"
	"\x35\x9d\x97\x5b\x56\xac\xb4\xff\xd7\xfd\xfe\xc7\xfe\x70\xef\x75"
	"\x84\xd7\xdd\xad\x76\x37\xcf\x7f\x20\xa2\x06\x7f\x25\xa2\x3e\x93"
	"\x34\xba\x05\xd7\xbb\xd9\xfb\x7e\x55\x01\xfb\xb2\x2c\x30\xec\x8c"
	"\xb1\x48\xdf\x62\xb2\xa0\xca\xdb\x79\xed\x6f\x0d\xa1\x3b\xf5\x66"
	"\x7d\x7a\x45\x17\x40\xac\x38\x5f\x0f\x80\x98\xdf\xc0\x3a\x11\xb6"
	"\xac\x78\xe5\xa9\x59\x00\xf7\xdb\xf8\x5f\xe6\x79\x8d\xe7\xe9\x10"
	"\x02\xb1\x06\x0d\x5d\x22\xbb\xee\xa0\xcb\xb1\x80\x59\x56\x2c\xbd"
	"\x69\x8b\x1e\xc7\x08\xd0\xb1\xc9\x1d\x79\x29\x37\xef\xf0\xa4\x12"
	"\x15\x88\xdf\x76\xc5\x14\x75\x0b\xec\x35\x2a\x84\x89\xb2\x26\x18"
	"\x86\x60\xf2\xa5\xe1\x2e\xc4\x76\x43\x66\x34\x35\x5e\x76\x93\xf1"
	"\xd8\xed\x16\x88\xd6\x23\x98\xd4\x14\x95\xfa\x0a\xbc\x70\x36\x5f"
	"\xbb\x29\xc2\xd2\x14\x60\xe2\xc5\xb7\x9c\x5e\x7c\x86\x94\xc5\x55"
	"\x6d\x0a\x2d\x52\xf3\x6a\xcc\x65\x93\xd9\x5a\x53\x15\x1f\xe7\x25"
	"\x96\xaa\x0c\x87\x6f\x24\xab\xe1\x14\xe6\x03\x87\x2b\x35\xfd\xcc"
	"\x63\xc2\x00\x2c\xe1\xd5\x38\x50\xd0\xc9\xb4\xa6\x84\x07\x2b\x76"
	"\xcd\xbb\xaa\xf6\xb1\xa2\x67\x95\x4d\xce\x0b\x6c\x4e\xe6\x54\x99"
	"\x87\xda\x4d\x0e\x0d\x19\xd7\x28\x4b\x6e\x97\x4c\x9b\x07\x9f\x2e"
	"\x58\xbf\x08\xb2\x06\x0e\xf4\x1d\x74\x02\xde\xf0\x70\xe9\x7c\xa6"
	"\xf8\xf0\x6d\xaa\x8b\xa0\x56\xac\xc8\xec\x27\xa7\xd8\xa3\x18\x24"
	"\x88\xbb\x51\xde\x2c\xe8\xf7\x25\x0d\xfb\x20\x6f\x08\x0c\x99\x58"
	"\x3c\xbe\x78\xcb\x81\x47\x7c\x3d\xb6\x98\x81\xb7\x48\x03\xac\x93"
	"\xef\x90\x1c\x35\x52\x60\x36\x98\x36\xc9\x55\x8f\x90\x19\x79\xc5"
	"\xc4\xeb\x26\x27\xc3\x23\x00\x3e\x4c\x9b\x52\xa6\x31\x96\xc9\x59"
	"\xb5\x6d\x3a\xdf\x23\x75\xb6\x15\x4b\x63\xd1\x3e\x7b\x94\x85\x06"
	"\xb5\x49\x22\xdf\xd4\x4e\xed\xda\x60\x00\x17\xd6\x17\xbd\xc5\x19"
	"\x96\x54\xe1\x53\x03\x70\x90\x12\xe9\x1b\x16\x17\x33\xcc\xec\xfa"
	"\xda\x7a\xad\xa6\x40\x3d\xaa\x36\x5b\x24\xb6\xd7\xb6\x50\x06\x41"
	"\xc3\xee\x6d\x16\xcc\xd3\xdd\x07\x12\x34\xd5\xdb\x37\xa8\x22\xb6"
	"\xd2\xec\xc0\xd6\xb3\x79\x9b\x93\xc3\x0a\x2b\xfb\x61\x48\x01\x0a"
	"\x9d\x17\xfd\x28\x54\x08\x2e\x3c\xc4\xb9\x6f\xab\x9b\x5f\xc6\xc0"
	"\xc6\x7c\xf3\xaf\xdf\x76\xcf\xfb\xfb\xc9\x1f\xe6\x86\xf8\xc7\xf1"
	"\xe9\xeb\x43\x13\x60\xf7\x2e\x29\xa0\x79\x92\x61\xc3\x79\x34\x9a"
	"\x29\x9d\xa4\xae\xb7\x65\xea\xdd\x40\x33\xe0\x65\x90\x53\x21\x02"
	"\xd2\x9e\x63\x95\xb4\x6d\x19\x75\x9d\xb1\xc4\x9a\xd7\xfe\x29\x7a"
	"\x23\x6f\x8e\x4f\x6b\x38\x6a\xb2\xdc\xe8\x73\x7b\x68\x6b\x70\x2a"
	"\xed\x93\x07\x3b\x1b\xb0\xbf\x7b\xa3\x36\x7d\x33\x4b\x11\x77\x6f"
	"\xbc\xbd\x05\xed\x2d\x9e\xfd\x7c\xab\x6f\x33\x93\x7b\x21\x83\x92"
	"\x18\x0b\x02\x7a\x66\xe6\x75\xa8\x5c\x9c\xf9\x7c\xf1\x1e\xac\x4f"
	"\xe7\xef\xc0\x3a\xbb\x58\x9c\x5c\x1b\xe2\x7c\x9a\xcd\xbd\x0b\x01"
	"\xb1\x58\x5d\x7e\x78\xfe\x7d\x07\x08\x1f\x46\x13\xb4\xa9\x56\x2f"
	"\x11\x70\x6c\x72\xd8\x99\x4a\x27\x62\xb1\xfe\x3c\x48\x84\x34\x2f"
	"\x02\x33\xf0\x97\x6c\x97\x26\xca\x1c\x8f\x16\xdf\x79\xc8\x58\x32"
	"\x38\x00\x57\x78\x61\xe2\x64\x80\x9b\x37\x20\x91\xf4\xdf\xdb\x58"
	"\xf0\xc1\xd3\xf4\x11\x0a\x86\x28\x4b\xc1\xd4\xcd\x49\x2c\xbc\x90"
	"\x49\x4e\x62\x80\x23\xc5\x21\xd2\x0f\xdd\x24\xe9\x17\x59\x26\x87"
	"\x6e\xec\xbb\x08\xa2\x6d\x23\x15\x1e\xc2\x3c\x16\x62\xf8\x5e\x93"
	"\x16\x71\xf8\x7d\x0c\xde\x59\xa6\x72\xc8\x33\xdc\x1b\x5e\x92\x2c"
	"\xd0\x0d\xcc\x2f\xd2\x07\x03\x63\x20\xe0\x38\x1f\x5e\x30\x5e\xdb"
	"\x67\xcd\x13\x32\x93\xfb\xde\x1d\x5f\x1e\xd0\xc9\x9f\xa8\x9f\x3f"
	"\x9c\xc7\x7d\x58\xd3\xad\xbb\x90\x64\x83\x59\x24\xe7\x70\x93\x98"
	"\x8b\xa2\xc7\xf1\x07\x20\xec\xfa\x0d\x0c\x2e\xd3\xb7\xc6\xc8\xd9"
	"\x92\xbc\x85\xa3\x88\x60\x6f\xe0\xe4\x24\xf6\x63\x74\xd1\x7b\xc2"
	"\x65\x8f\x31\x7c\x42\x9c\x30\xb9\x1e\x85\x38\xfd\xe0\xac\x80\xa5"
	"\xca\x2a\x3a\x4d\x03\x3e\xd9\x15\x4c\xd6\xd7\x17\xe7\x6f\x50\x5b"
	"\xc1\x78\x3a\xaf\x72\x7a\xde\x2c\xc9\xdf\x18\x48\x2e\xdf\x62\x4c"
	"\x95\x81\x16\x78\x6b\x9f\x64\xf5\xd6\x5e\xaf\x21\x1c\x25\x27\x39"
	"\x4c\x53\xe6\xe7\x2f\x7e\xf8\xe2\xfc\xe2\x8d\xf1\xad\x83\x18\x9c"
	"\x01\x05\x3e\xbf\x72\x6b\x26\x9b\x36\xf4\xf9\x74\x02\xc3\x7c\x79"
	"\x82\xf7\x8f\x62\x2d\x89\x67\xdc\x14\x17\x14\x9c\x3b\x57\x2c\x6d"
	"\x7b\x02\x61\x57\x36\xa8\xa1\x1e\xa0\xc4\xa9\x9d\x24\x4f\xaf\xea"
	"\xf6\xf0\x0f\x1e\x68\xb6\x19\x5d\x83\x6f\x3d\x4a\x31\xcd\x48\x81"
	"\x67\x96\x16\xdc\x0e\xf7\xe1\xee\xeb\x7f\xbb\x17\x73\xb0\xca\x21"
	"\xa1\x96\xbd\xe8\x81\xeb\x9b\xc8\x0e\x34\xda\xe6\xc8\xa6\x3c\x0a"
	"\x53\xde\x7f\x7f\x00\x62\x58\xe6\x94\xf5\x13\x59\x58\x15\x40\x20"
	"\xc3\x46\xf9\xc8\x92\x15\xda\xfe\x87\x0b\x36\xcc\xe5\x6e\x2d\xf2"
	"\xad\xfd\xc4\x0d\x5f\x76\xe9\xce\xa0\x83\xf8\xb6\xb0\xa9\x36\xcf"
	"\x13\x02\x40\x9c\x29\x04\x33\x05\xc0\xe0\xfc\xe8\xef\xa6\x24\x1a"
	"\x6d\x70\x39\x16\x86\x0c\x3b\x8b\xad\xbf\xeb\xa8\xdd\x90\x5b\x0a"
	"\xfc\x4a\xc0\xd6\x5f\x78\xd1\x94\xe9\xd6\x5b\x81\xf7\xaf\xce\x85"
	"\xe2\x72\x8d\x05\x91\x09\x56\x00\x24\x78\x89\xa3\x5b\xfd\x16\xdd"
	"\x42\x85\x90\x1c\xbd\xf1\x77\x62\x9b\x3c\xd2\x7b\xb1\xa5\x7e\xc0"
	"\xf2\x6e\x54\xc9\xe3\xf7\xa2\x63\x39\xd2\x7b\x71\x9b\xb4\xde\x9b"
	"\xe8\x26\x89\x56\x6f\x31\x26\x04\x16\x1b\xc8\x9b\x74\xe3\x23\xe4"
	"\xfc\xfd\xa4\x24\x94\x47\x55\x3a\x7f\x6f\x87\x4a\x46\xef\xe6\x20"
	"\xc7\x07\x35\xf2\xfd\x1c\xac\xde\x8b\x8a\x31\xee\x9b\xa8\x04\x6f"
	"\x81\x41\x34\x52\x76\xed\x2b\x80\xe9\xee\xbf\xb5\x66\xa5\x7f\xef"
	"\xef\x5e\x5f\xf0\x33\x01\xfa\x73\x5b\x13\xfd\x8c\xef\xc5\xd2\xb1"
	"\x11\x2b\xd2\x1c\x2b\x61\x52\xe7\xdd\x67\xf3\xee\xd0\xba\xa8\x47"
	"\xe3\x87\x99\xa1\x56\xe7\x61\x98\xdb\x7c\x7e\xc1\xa7\xfa\xcd\xb0"
	"\x32\x16\xcc\xce\x5c\x37\xcd\x39\x93\x56\x5c\x8d\x63\x37\xc9\x28"
	"\x4d\x73\xbe\xff\xfe\x74\xfc\x69\xdd\xec\x7a\xae\xff\xbd\xf5\x5c"
	"\xfd\x15\x47\x53\xcc\x95\x93\xa2\xf2\x7a\x6a\x7d\xbd\x98\x41\x19"
	"\x7e\x91\xc7\x79\x5e\x64\xf2\x02\x66\xaa\x52\x7f\x65\x48\x79\xf0"
	"\xb1\x02\x45\xc0\x1f\x3e\xd0\xc6\x5c\xc7\x8c\x8a\xcb\x46\x18\xe3"
	"\x49\x07\x1e\x7d\xc1\xf1\xb2\x4e\x39\xf4\x35\xa4\xd9\x5f\x20\xe9"
	"\x3d\x21\xa7\x26\xd1\xcb\x89\x8c\xa9\xba\x54\x5a\x47\xeb\x82\xc7"
	"\x2f\xfa\x9f\x5f\xec\x0a\x8d\xd8\x75\x64\x3d\x1f\x62\x2a\x57\x37"
	"\xd2\x14\x2a\x29\xcf\x93\xc0\xce\x38\x39\x9f\xf0\x92\xf9\x09\x93"
	"\xaa\xf9\x05\x7e\x9c\x1e\xf4\x72\x31\xfd\x72\xee\xb7\x54\xcd\x02"
	"\x53\xc2\xb2\xca\x15\x59\x17\x12\x88\xb7\xc6\xc9\x22\xbf\xb7\x93"
	"\x51\xf0\xb8\xb1\x14\xcf\x7f\xa5\x26\x78\xa1\xf0\xb3\x13\xbe\x3b"
	"\x60\xf7\x45\x3c\xfc\x3c\xf1\x12\xa3\x83\x7a\xaf\xe6\x10\x0a\xc4"
	"\x12\x2c\x4a\xed\xba\xdc\x96\x3c\x70\x65\x78\x1b\x55\xbe\x00\xff"
	"\x56\xe6\x6d\x15\x66\x5f\x31\xd2\xbc\xa0\x03\xa6\x97\xa1\xf0\xab"
	"\xed\xa7\xcb\x04\xbc\xef\x72\x09\xe6\x8d\x6f\xe1\x90\x54\x62\x89"
	"\x49\xbc\x94\xe8\x54\xa7\xfd\x89\xb9\xbc\x7d\xbc\x1b\x18\xa4\x4d"
	"\xda\xeb\x87\x7e\xe0\xec\xc0\x89\xb2\x4f\x85\xf9\xb6\x08\xad\x49"
	"\x81\x91\x13\xd3\xd5\x57\x71\x46\x58\x3e\x70\xda\xa8\x10\x6e\x9e"
	"\x59\x7f\xda\xc0\xbb\x2c\x73\x3d\x80\x28\x6d\x7a\xd2\xab\x55\x09"
	"\x7e\x22\xab\x4d\xdd\xda\x0f\x9b\x31\x71\xa9\xbf\x56\xf4\x76\x32"
	"\xb5\xa4\x71\xd5\xbe\xc1\xc4\x09\x87\x6f\x7f\xdf\x80\x6b\x95\xd0"
	"\xd5\x00\x80\x57\xb5\x6d\x65\x7c\x8d\xcf\x50\x5d\x17\x05\x3f\xa4"
	"\x01\x51\xe6\x2a\x27\x62\x7d\x2a\x81\x55\xfe\x8f\xb1\x6b\xeb\x6d"
	"\x1c\x57\xd2\x7f\xc5\x98\x87\xc5\x0c\x70\x16\x1b\xdb\x89\x3b\x3e"
	"\xc0\x79\xa0\x24\xca\x62\x47\xb7\x88\xf2\x25\xfd\x22\x64\xd2\x99"
	"\xe9\x60\xfb\x32\x9b\xa4\xcf\x9e\xb3\xbf\x7e\x59\xa4\x64\x91\x54"
	"\x15\xe5\x01\x7a\xba\x5d\xf5\x91\xe2\x9d\xac\x62\xb1\xaa\xe5\x46"
	"\xd5\x69\x2f\x82\x83\x83\x26\xa4\x71\x8d\xf6\xc8\x0c\x04\x35\xec"
	"\x0b\x7d\x3f\xf3\xa9\x42\x0f\xe1\xce\x95\x1b\xb8\xc5\x50\x8d\xdb"
	"\x38\x77\x4a\x40\xe4\x03\x4d\x2f\xfe\xe5\xf3\x3b\x3c\xb8\x00\x93"
	"\x82\xc9\xaa\xaf\xaa\x7d\xc7\x5b\xd7\x4c\x15\x28\x4a\x2a\x63\x58"
	"\xaf\x81\xd4\xe6\xbc\xc1\x07\xa9\xd0\xc7\x8e\x8b\x41\x8e\x75\xe1"
	"\x29\x6d\xac\xa5\x16\x7e\xe9\xc7\xb7\x1e\xa9\xf7\xfc\x60\x93\xce"
	"\x17\xf5\x76\x09\x34\x47\xc9\xa5\x70\x1f\x25\x88\x7b\x44\x8d\x31"
	"\x4b\x2c\x27\x0a\xa4\x07\x9c\x90\xad\x88\xa5\xff\xd5\xba\xb7\xe4"
	"\xb5\x1a\xf8\x8e\x3f\x38\x7e\xcf\x0c\x09\xfb\xc4\x58\x86\xa4\xd6"
	"\x9e\x55\x38\x3a\xac\x85\xd3\xb1\xa2\x36\x56\x54\xae\xfb\x37\x45"
	"\x1d\xd4\x14\xfa\xa2\xdc\x1d\x9e\x02\x2e\x58\x22\xd0\x77\x71\x72"
	"\xf2\x0c\xf9\x82\x75\x96\x5e\x9d\xa4\x97\x83\xce\xb6\xc7\x30\xd7"
	"\x75\x8e\x0f\x3a\xf0\x26\xaa\x6c\x2b\x4e\xc5\xa9\xcb\xda\xff\xdd"
	"\x25\x59\x5c\x7b\x5f\x01\x32\x6c\xb9\xb8\x31\x45\x0f\x68\x58\x83"
	"\xf3\xf5\xa8\xaf\x51\x27\x95\x86\xb5\x83\x73\x15\x2f\xf6\x27\x6f"
	"\xa6\xd4\xe0\xf1\xa5\x74\x8f\x35\xe7\x14\x54\x51\x0a\x5d\x5b\xd4"
	"\xcd\x88\x92\x28\xaa\xea\x4e\x70\xe9\x7f\xe7\xd0\x0a\x97\xb4\x4f"
	"\xa8\x6f\xa7\xd5\x9e\xac\xa4\xe2\x8d\x85\xa6\x06\x4d\xc7\x32\xdb"
	"\xd9\x0c\x4c\x7e\xe9\xb6\x77\x4f\xeb\xaa\x34\x25\xf4\xd3\xc2\x14"
	"\xdb\x1d\xe6\x9a\xa8\x27\xc0\xb9\xe4\x36\x07\x25\x9a\x79\x06\x26"
	"\x2b\xe6\x18\xe0\xbe\xeb\xf7\x10\xe1\x0c\x22\xce\xfd\xb4\xb0\xcc"
	"\xf8\xa5\x88\x6b\x8c\x0c\xed\xdd\x93\xdd\x76\x68\xd8\x91\x5a\xd9"
	"\xce\x9f\x50\x63\x07\x6e\x0c\x9d\x09\x0e\xdf\x51\xff\xdc\x9d\x27"
	"\x20\xe6\x63\x6f\xc0\xc4\xfb\xc8\xbe\xe3\x1a\x8e\x5f\x03\xff\x1f"
	"\xbf\x3c\xfd\xfc\xfd\xe5\xe9\x17\x37\xf7\x22\xb9\x91\x02\x2d\x57"
	"\x7d\xd8\xd8\x93\xea\xb0\xe9\x27\x3f\x1c\x9c\x53\x8c\xa3\xdd\xd7"
	"\x7a\x0c\xe3\xbd\x07\x96\xb7\x2e\x61\x89\xdb\x5c\x9b\xc9\x18\xda"
	"\x60\x83\x68\x73\xc1\x28\xda\x4c\x87\x11\x7c\xbd\x10\xf5\xc6\x5d"
	"\x03\x14\x51\xe4\x8c\xcc\x85\x1c\x77\x1b\x82\x3a\x3b\xf2\x36\x33"
	"\x43\x6f\x33\x1d\x7b\x5e\xed\x47\xbe\x6e\xe5\xde\x1f\x12\x65\xdd"
	"\xac\xab\xe8\x2c\x04\x9a\x22\x45\x3b\x69\x08\x45\xeb\x36\x4d\x42"
	"\x65\x52\x26\x4a\xb4\x53\xc7\xfd\x84\xb7\x0f\x35\xf7\xf2\x9b\xae"
	"\x2a\x9a\xbc\x43\xfd\x61\x99\xbe\x98\x6c\x00\x4e\x59\xf6\x11\xdc"
	"\x82\xc8\x49\x8e\xd3\x75\xd0\xab\x04\xdf\x6d\xba\xfc\x68\xca\x33"
	"\x03\x53\x27\xa8\x18\x5f\xbd\x3d\x1b\x09\x56\x26\x4d\x25\x12\xfd"
	"\x3a\xa6\x84\x7f\x28\x88\xeb\xd0\xb9\x27\x80\x8d\x01\x1c\xcb\xdc"
	"\x65\xb7\x6e\x6b\xb8\x94\x97\x52\xa4\xfe\x76\xad\x13\x29\x09\xcb"
	"\x58\xe2\xb6\xac\xa8\xf1\x53\xaa\x82\xfa\x66\x0b\x67\x92\x7d\x69"
	"\x30\x1c\xa6\x1b\x91\xec\xb8\x95\xea\xdb\xe0\x51\xfb\xf5\x19\xce"
	"\x61\x7f\xbc\xc0\x5b\xd8\x89\xd7\xed\x49\xce\xd8\xa9\xae\x67\x41"
	"\x2b\x89\xf2\x0e\x63\xa5\xac\x10\xea\x88\x6f\x0a\x11\x00\xa8\x9d"
	"\xd5\x6b\x0e\x37\x6f\xca\x8b\xe8\x14\xe8\xf9\x6b\x9e\x02\x3c\x03"
	"\xc2\x29\xa0\x92\x98\xdf\xba\x12\xbc\x64\x95\xa5\x16\x1f\xac\xec"
	"\x53\xe3\x47\x72\xe2\xab\xb6\x67\xa8\x3c\x13\x7e\x08\x16\x1c\x72"
	"\x1d\x1c\xc0\x22\xdf\xea\xbc\x41\x64\xb3\xc6\x21\x66\x7f\x77\xe4"
	"\xc3\x89\x5d\xce\xd4\x45\x8b\x01\xf6\xb3\x35\x87\x39\xf5\xf2\xe4"
	"\xb0\x61\xa8\x7a\x6f\x9b\x68\xa0\x1e\xd3\xf3\x50\x3d\xe1\xa8\x52"
	"\xb7\xc6\x7e\xb6\x4b\xe2\xb8\x76\x8b\x3c\x70\x76\xb6\x9e\xd7\x66"
	"\xc8\xb8\x25\x92\xa8\xbd\x39\x17\x2d\x27\x9a\x80\x81\xb1\x35\x23"
	"\x98\xa9\x9f\xe7\x99\x93\xad\x57\x6b\x82\x25\x9a\x98\xe0\x20\x1e"
	"\x96\x1d\xbe\x1a\x35\x91\xa8\xa4\xe7\x79\xd0\x1d\x13\x65\x51\xcf"
	"\x76\x79\x4d\x16\x5b\x32\xd7\x8a\xc8\x65\x8a\xd9\xac\xdb\x74\xda"
	"\xca\xe3\xfa\x10\x98\x75\xbb\x7c\x0f\x0e\x1c\xf1\xfc\x4b\xe6\xb6"
	"\x88\xfa\xad\x1d\xdd\xda\x0b\x5d\x4f\x26\xc6\xc7\xc8\xc2\x7a\x7b"
	"\xe4\x4e\x46\x09\xb0\x90\x21\x00\xe4\x14\x81\xfa\x7d\x0b\xb4\x16"
	"\x03\xc2\xbb\xc3\x86\xbb\x9e\x33\x15\xcb\x6c\x81\xc1\x05\xe3\x74"
	"\xde\x26\xf5\x42\x7e\xd2\x8a\xdf\xb7\xc5\xd3\x8f\x6f\xbf\xbf\x7c"
	"\x7f\xfe\xbc\xf8\xf6\x03\xae\xd8\xde\xb0\x45\xfc\xd4\x76\x93\x3d"
	"\x69\x64\x41\x2f\xf6\x6c\x27\xe7\xf7\xc7\xd7\x3f\x9f\xdf\x1d\xab"
	"\x7f\x27\x5d\xcb\x9a\x1d\x1c\xfb\xc1\xd7\x3c\x25\x3a\x4c\xd0\xda"
	"\xa4\x5e\xee\x8b\x99\xaa\x9e\xe1\xe3\xa6\x19\x42\x8d\x35\x98\x41"
	"\x61\xbb\xf3\x14\xd8\x86\xf9\x89\x8c\x89\x6d\x6b\xc4\x64\xf9\xc5"
	"\x4d\x42\xa9\x71\x30\x2c\x28\xb4\xb4\x4b\xc5\x70\x09\xb5\xeb\x7c"
	"\x0b\x1a\xfc\x7e\x8e\x0a\x11\x28\xb2\xda\x85\xbf\x1b\x68\x5b\x77"
	"\x2e\x23\x69\x4b\xf0\xa7\x59\xcf\x60\xd2\xd9\x22\x94\x29\x79\x14"
	"\xb0\x40\xd5\xb0\xa1\x07\x5b\x06\x54\x28\xf8\x53\x64\x14\x3d\x4e"
	"\xed\x00\xaa\xe5\x33\x65\x03\xc3\xea\xd3\xcc\x80\xf7\xbc\x97\x62"
	"\x90\x8b\x46\xba\x92\xf7\x0a\x29\xe7\x9a\x41\xa1\x94\x8c\x01\x76"
	"\x7f\x53\x47\x4a\xc3\x62\xf1\xed\xf1\xfd\xe9\xcb\x33\xbd\x58\x14"
	"\x10\xa0\x42\xeb\xfb\x41\x76\x98\x6b\x51\x83\xf6\x9c\x05\x23\x88"
	"\xa9\x0f\xe7\x20\x3a\xdf\xcb\x16\x7d\xe7\x87\x81\xd5\xd9\xce\x5c"
	"\x06\x05\xb3\x54\x6b\x4a\xf4\xd0\x12\x9e\x35\x88\x04\x94\xf9\x3e"
	"\x05\xd7\x4f\x46\xff\x3d\x83\x0a\x74\xf6\x08\x0a\x8f\xfa\x1e\x57"
	"\xef\x2f\xad\x0c\x6c\xb7\x17\x63\xf9\x81\x72\xb8\x8d\xa1\x65\x5c"
	"\x07\x6b\xc3\xe3\x32\xcc\x97\xe1\xf4\x60\xc8\x37\xdf\xb0\x19\xcf"
	"\x6b\x72\xad\xed\x21\xf9\x4c\x7b\x1a\x3d\xc4\x65\xd5\x16\x75\xd3"
	"\x3f\xb4\x09\xe5\x98\xaf\xda\x0b\xf3\xcb\x79\xb9\x6b\xb3\x60\xf9"
	"\xe7\x1b\x41\xc9\xc8\x33\xfc\x99\x91\x67\x04\x7d\xa3\x08\x09\xd5"
	"\xab\x4c\x7d\x71\x2f\x84\x26\xe4\x35\x04\xe8\x1a\xa5\x20\x08\xa3"
	"\xb0\x9f\x29\x1d\xdc\x82\xce\x09\x75\x23\xf8\xae\x75\x75\x24\x08"
	"\xe6\x7e\x5f\xd9\x01\x5b\x28\xc4\xea\x02\x08\x2d\xdd\x9e\x81\xc8"
	"\x5e\x16\x84\x73\x96\x17\x97\x83\x63\x5e\x5e\x9c\x35\x9c\xb5\x2f"
	"\x6b\x45\x73\x4b\x11\xac\x3f\x5c\x30\xf0\x59\x84\xd6\x37\xce\xa0"
	"\x1a\x2f\x8a\x0a\x02\x32\xdb\xe5\x65\x65\x87\xa3\x57\xf0\x8b\x7b"
	"\x37\x7a\x03\xb8\x2f\xe0\x2d\xa5\xfc\x3f\xc8\xc9\xce\x2b\xea\xbf"
	"\x5f\xa0\xc8\x49\x41\xeb\xdb\x30\xad\xf4\xba\x76\xa4\x11\xd3\xb8"
	"\x53\xba\x39\x7f\x4c\xe9\x09\x18\xa8\x19\xa2\xaf\xee\xf0\x2e\x48"
	"\x5c\xe6\x24\xa3\x86\x7f\x04\xfb\x8e\x09\x5d\xcb\x51\x18\xb1\x60"
	"\x52\x9d\xe9\x1a\x06\x2f\x64\x31\x3e\xae\x01\xd0\x9c\x1a\x11\xc1"
	"\x5c\x11\x5d\x35\xae\xa2\x8b\x7a\xaa\x84\x04\x7a\x7f\x6c\xc9\x70"
	"\xba\xb3\x09\xd9\x8c\xa6\xf6\x75\x75\x36\xb7\xb5\x3d\xd3\x1b\x06"
	"\x0e\x3f\x1f\x2c\x3f\x7a\x12\xa3\xc3\x96\x0f\xa5\xee\x32\xfc\x8e"
	"\xcc\x17\xa3\x9d\xa4\x63\xcb\x12\x00\xff\x50\xee\x95\xcb\x3f\xf0"
	"\x0e\xb5\x2c\x77\x6e\x38\x26\x27\x59\x7f\x0c\x13\xe4\xa5\xdb\x08"
	"\x55\x0d\x3c\x0f\x6a\xd1\xf0\x0f\x06\xd2\xb0\xa3\x5f\x3a\x75\x30"
	"\xde\x83\x3d\xbb\x4f\x57\x83\x18\x1f\x03\x8c\xea\x4d\xc5\x18\xeb"
	"\xda\xcf\xc9\x7f\x6e\x2e\x9b\x95\xe3\xec\xdb\x10\xb3\x6f\x83\xcd"
	"\xbe\x0d\x31\x93\x36\x13\xdd\x64\x4f\xb4\xa7\x6a\x3f\xc1\x36\x68"
	"\x6b\x6d\xbc\x69\x60\xb5\xf5\xc6\x9e\x09\x44\x7f\x58\x18\xbe\x17"
	"\x9b\xeb\x79\x18\xac\x4a\xf3\x28\x10\x3c\xe6\x51\x59\x3e\x8f\x81"
	"\x9a\x1b\x9b\xb6\x79\x6c\x91\xd1\x6d\x34\x99\xe1\x78\x16\x4d\x3b"
	"\xff\x19\xd9\x04\x9b\x13\x55\x25\xb8\x90\xe9\xc0\xdc\xcc\x2c\x1c"
	"\x9b\x4b\x57\x8e\x8d\x33\x95\x5d\xb2\x99\x56\x7e\xae\xc3\xcc\x0a"
	"\xd5\xa9\x64\x84\xae\x6f\xdc\xa6\x36\xd3\x5b\x8c\xb4\xe3\x91\x3f"
	"\x39\x7b\x9e\x62\x80\xfe\x74\xdf\x3a\x0b\x8e\xc5\x6c\xfb\x46\xc2"
	"\xdf\x8c\xd8\x38\xaf\x6c\x18\xe8\xf6\x6a\xd5\xad\xe7\x40\xac\xa8"
	"\xa8\x57\x2e\x16\x88\x30\x2a\xb0\x20\xe2\x02\xc4\x66\x0e\xa2\xcf"
	"\xf7\x73\x20\x5f\x03\x85\x61\xfa\x23\xed\x1c\x4c\xb6\xb3\xa5\x3e"
	"\xe4\xac\xbc\xa0\x79\x1a\x5e\xe7\x0f\x73\xb8\xe4\x82\x4e\x83\xda"
	"\x75\xb3\xa8\x61\x37\x9b\xad\xe0\x05\x5f\xf4\x5c\x52\x60\x10\xad"
	"\xca\xc2\x41\x75\x60\xc0\xaa\x9d\xc7\x97\xba\xad\x03\xa4\xd1\x62"
	"\x5b\x31\x92\x5a\x05\x8f\x76\x5d\x15\x7d\x8c\xcb\x16\xf5\x96\xd9"
	"\x8e\x56\xbf\xc6\x88\x44\x5f\x8a\x82\x15\xc0\x34\x27\x04\x47\xbe"
	"\xdf\x23\x53\x94\xb8\x3d\x99\xc6\xcf\x95\x20\xf4\x65\xdb\x7a\xc2"
	"\x7c\xdc\xb3\xbb\x68\x12\xe2\x61\x9e\x17\x08\xd6\x7a\xea\x84\xa9"
	"\xa9\x41\xfa\x76\x1e\x5c\xaf\xda\x3a\x60\xd7\xa9\xd9\x07\xeb\xc0"
	"\xa9\x09\xb6\x3f\x12\x4d\xe0\xb6\x98\x2e\xed\x53\xab\x7f\x89\xda"
	"\x8f\x21\xb1\x2b\x54\x87\xc3\xdb\x15\xe7\xb1\x74\xcf\x85\x29\xd6"
	"\xaf\x7b\xd3\xb7\xd4\xda\xbe\x44\x32\xdf\x02\x48\x91\x30\xcb\x4f"
	"\xc8\x49\x2d\x7b\x4b\xe7\xed\xcc\x48\xed\x76\x07\x62\x25\xb3\x30"
	"\x05\x85\x49\xd4\x09\x8f\xa3\xf1\x88\x73\xc7\x86\x55\xfd\x5c\x51"
	"\xcf\xd1\x72\x7c\xe9\x3a\xad\xf0\xf0\x0a\x39\xab\x09\x67\xe8\x59"
	"\x55\x12\x12\xd8\x26\xaf\x8e\x35\xb1\x68\x09\xce\x39\xd4\xf2\xe6"
	"\x9a\xb0\x03\x1b\xde\xf4\xe8\x13\xe2\xfd\xcf\xe7\x9f\xcf\x2f\xdf"
	"\xff\xfc\xaf\xfe\x4d\x94\xf7\x32\xb9\xc7\x77\x71\x74\x4f\xe7\xd6"
	"\x65\x6d\xe4\x77\x9e\x26\xa7\x32\x0e\xa4\x82\x17\x31\xae\x59\x82"
	"\x1c\x94\x33\xf7\x58\x76\x0d\xf1\xa2\x73\xe0\xcb\x34\x9a\xe1\xdf"
	"\x07\xf9\x2d\xbf\xcf\xc3\x80\x28\x0d\xf2\xe3\x48\x06\xf9\x4a\xe6"
	"\x0e\xf2\x77\x73\x35\x4c\x24\x7d\x35\xa3\x01\xea\x6f\x5e\x60\x6d"
	"\x97\x34\x4d\x30\xe7\xe2\x1e\x7a\x23\xdc\x7c\x77\xd1\x2c\x26\xce"
	"\xaa\x3b\x1e\x44\xdc\xcf\x74\x42\x0c\xcf\x2b\x82\x88\xf4\xfe\x02"
	"\x50\xcc\x66\xca\x31\x53\x8c\x2c\x0b\x77\x55\x2d\x78\xa0\x1b\x46"
	"\x23\x95\x69\xc2\x9c\xb0\xc6\x3f\xf7\xd4\xd4\xa5\x95\x99\x90\x5f"
	"\x1f\xdf\xde\x5e\xfe\x78\x79\x9a\x9a\xc6\x28\x09\x76\xf2\x2d\x45"
	"\x82\x77\xfe\x44\xfc\x80\x01\xd1\xc6\xa2\x4c\xf8\x29\x88\xd1\x67"
	"\x59\x6a\x2d\x01\x40\x7a\x74\x67\x31\xd0\x3c\x65\x52\x4f\x22\x83"
	"\x31\xf6\xec\x89\x15\xc9\x50\x04\x79\xa8\xc3\x65\x54\x80\x4d\xa8"
	"\x88\x79\x75\xc4\x32\x8e\x03\x57\x00\xa6\x09\x27\x57\x3e\xe7\xfc"
	"\x78\x13\x2c\x92\x96\xa8\x70\xb7\x05\xda\xee\xb4\x70\x23\xa4\x8f"
	"\xb4\xde\x85\xc6\x7a\x85\xb0\x62\xdf\xdc\xba\xa7\xeb\x3b\x1f\x94"
	"\xb3\x5f\xaf\x50\x7a\xc1\x3d\x5d\xef\xc0\xe8\x03\x13\x39\xf5\xe1"
	"\x83\xc4\xda\x06\x9a\x8a\xc5\x93\x74\x0c\x6c\x5b\x40\x97\x4d\x4d"
	"\x16\x00\xec\xbc\x84\x3b\x66\x2c\x62\xa2\x40\x9a\x42\xc0\x9b\x0b"
	"\xec\x73\x92\x15\x75\x4e\x4f\x7d\xa6\xd5\x13\x6d\x90\x4f\x9d\xa7"
	"\xcf\x35\xe2\x01\x03\x03\x53\x08\x41\x5d\xb0\x18\xf6\x5d\x04\x59"
	"\x60\xc5\x8f\x3d\x53\x84\x09\x80\x94\x55\x06\x80\x1a\xb1\x41\xfe"
	"\x70\x37\x17\xae\xc0\x5d\x54\x54\x49\xb8\x15\xd3\x70\x2b\x1b\x7b"
	"\x47\x30\xfe\x0f\x4e\x13\x51\x26\x81\x85\x34\x15\xa9\xe3\x9f\x39"
	"\x89\xb1\x51\x91\x94\xf0\x7a\x44\x56\xf9\xc1\xd5\x7f\x44\xea\xc0"
	"\xcc\xb4\x07\x03\xdc\xff\x40\xcd\xcb\x83\x09\xe9\x81\x9d\x33\xfb"
	"\x27\x09\x96\x7f\x9b\x9e\xe2\xd9\x55\x9b\xd7\xe5\x18\xde\x65\x4c"
	"\x5c\xa1\x0e\x26\x47\xbe\x5c\xa0\x06\x30\x7d\x8e\x28\x25\xae\xa2"
	"\xc9\x64\x60\x83\xd7\x75\x24\xef\x8a\xba\x7c\x0d\x8a\x57\xb8\x0c"
	"\x50\x18\x7f\x54\x96\xb1\x1b\x8c\x65\x10\x5e\xec\x18\xca\x4d\xaa"
	"\xe3\xab\xdb\x06\xaa\xa7\x1a\x8b\x0e\xac\x6d\x4f\xa9\x43\x84\x85"
	"\x31\x66\x36\xd4\xc8\x68\x20\x52\xb6\x7c\xe8\xdc\x58\x9f\xd1\xfd"
	"\x34\x3c\xa6\x33\x1a\x20\x8c\x66\xdb\x70\x56\x20\x0e\x3d\xec\xc7"
	"\x05\xf0\xd6\xc9\xbb\x85\xd4\x5d\x78\xe8\xca\xbc\xe8\xad\xe2\xec"
	"\xe7\x43\x8b\xf7\xe7\xb7\x77\xe4\xdc\x5c\xdf\xb5\x3b\x4e\x4f\xd6"
	"\xa4\xa9\xea\x4e\x0d\x08\xe1\x79\x7d\xb7\x3c\xc4\x17\x0d\x4b\xa8"
	"\xc6\x42\x83\x4d\x44\xf6\xf3\x57\xd0\x43\xf1\xa4\x71\x28\x4d\x0a"
	"\xa3\x10\x21\x75\xad\xad\x81\x86\xb4\x25\x77\x9d\x78\x1b\x52\x57"
	"\xc4\x41\xfd\x55\x8f\x32\x57\x20\x53\xe0\x08\xcb\x44\x52\x3b\x1f"
	"\xcc\xa4\xf3\xd3\x55\xd8\x6b\x02\x21\x2f\x83\x0e\x84\xe7\x69\x8b"
	"\x5b\xc6\x80\x4e\xc6\x08\xc3\x67\x87\xe9\x5f\x7f\x3e\xbf\xff\xf8"
	"\xf1\xfe\x65\xf1\xf9\xf9\x9f\x2f\x4f\xcf\x96\x3b\xd9\x31\x0d\xbc"
	"\xa8\xca\xdd\x06\x89\xbd\x76\x6b\x5d\x7e\x16\x8b\xa8\xdd\xcb\xc8"
	"\x2b\xf6\x40\x36\x8e\xba\x8d\x8b\x69\xa2\x45\x06\xa4\xff\xa5\x33"
	"\xc3\x7c\x72\x92\xbb\xf4\x06\x89\xc3\xde\xb3\xa6\xf5\x73\x03\x5a"
	"\x97\x5d\x4f\xf3\xd2\x8c\x28\x96\x35\xd5\xd0\x03\x86\xb5\xd9\xfa"
	"\x6e\x0e\xa4\xdb\x70\x36\xa7\xdd\xe6\x74\x9a\x03\x15\xcd\x21\x94"
	"\x11\x44\x2f\xbc\x5a\x87\x72\x89\x6a\xb6\xbc\x0a\x02\x52\xd5\xc0"
	"\x01\xfe\x21\x8b\x05\xc5\x0e\x95\x6e\xd2\x50\x67\x56\x0a\x3e\xdd"
	"\x85\xd3\xd3\x3d\xa9\x3b\xc6\xe5\x7a\xbb\xbd\xf2\xfa\x47\xb3\xee"
	"\x63\xb6\x59\x6f\xaf\x28\x9f\x9f\xcd\xa9\xa1\x94\x47\x69\x77\x17"
	"\x63\xfa\x23\x78\x1b\xd7\xec\x1d\x55\xf6\x51\x34\x3c\x77\xac\xec"
	"\x07\x4a\x67\x4e\x87\x03\x95\x6b\x73\x4d\xfb\xa2\x53\x93\xc0\x96"
	"\xdb\x23\xc9\xfa\x61\x02\x12\x07\xdb\x5d\xca\x0e\x94\x16\x96\x0b"
	"\x91\x32\xd7\x84\x0e\xe6\x35\x3c\x2e\x71\xc3\xd8\x1b\x34\x6c\x58"
	"\x3c\x57\x1b\x79\xd3\x1d\x59\x53\x2a\xb9\x0b\x5f\x22\xce\xf8\x98"
	"\x83\xf7\xcd\x3e\x1e\x6d\x57\x95\x68\x0c\xbc\x33\x1a\x3c\x59\xa9"
	"\x8a\xeb\x30\xd2\xf0\xb4\x90\xef\x92\x68\x5a\x64\xed\x14\x64\xf0"
	"\x5e\x07\x10\x38\xf4\x48\x04\x37\x68\x1f\xbd\xad\x71\x64\x93\x6f"
	"\xb1\x07\x88\x7e\xe7\x59\xb2\x9c\x2c\x4a\xdc\x24\x6c\x1a\xcf\xf5"
	"\xcc\x3e\x3a\xdd\x57\xb0\xd8\x6b\xf3\x81\x62\xdc\xda\xc5\x08\xa3"
	"\x89\xe1\xa1\x3c\xec\xa3\x79\x98\xdb\x65\xce\xee\x8b\x42\x0e\x19"
	"\xb6\x62\xdb\xd0\xf3\x0b\xfd\xe0\x37\x87\x38\x3c\xbf\x7c\x7b\xf9"
	"\xfe\xf6\xfe\xfa\xfc\xb5\xfb\xf2\xfe\xcb\x04\x58\x70\x99\xa1\x45"
	"\x22\x77\x96\x33\x02\xe9\x9a\x29\x48\xe5\x2f\x87\xa7\xdd\xd4\xbb"
	"\x76\x37\x47\xed\xc2\x3f\xd4\x02\x4a\x14\xd4\x96\x61\x3a\xc8\x8c"
	"\x0e\xc9\x63\x45\x6a\x38\x0a\x45\xc5\x8e\x66\x29\x3c\xd1\xb6\x4f"
	"\x67\xf0\xdb\x09\xa5\xd0\x93\xa0\xe2\x8e\x46\xda\x90\x45\x59\x13"
	"\x8f\x29\x7a\x00\xf8\x69\x21\xcf\x35\xdb\x9a\x38\xb0\x08\x5c\x30"
	"\x89\x79\x0d\x56\x5f\xa8\xb8\x97\xc6\xee\x95\x31\xf8\x92\xde\x89"
	"\x96\x11\xca\x1f\xc5\x2f\x89\x65\x1a\x78\x19\x12\xff\xb1\x7c\x7e"
	"\x7c\x5d\xa4\x2f\xcf\x5f\x21\xc2\xf8\xb7\x6f\x3f\xbf\xf7\x0a\x96"
	"\xc5\xaf\x2a\xc5\x6f\xfd\x09\xc1\x35\x23\x55\x39\xd5\xe5\xcd\x7a"
	"\xdd\x51\x3b\xc6\x88\x10\xab\x18\xaf\x96\xea\xd9\xd5\x12\xaa\xf7"
	"\xcd\x2b\x3e\xae\x96\xaa\x67\xc4\x5a\x4a\x18\xc3\x9e\x9d\x0d\x42"
	"\x13\x78\x9b\x06\x27\x13\x96\x13\xe3\xa6\x52\xbd\x91\x4f\x95\x49"
	"\x6a\x95\x05\x49\x05\x1d\xa9\x0f\x7a\xf9\xeb\x11\xce\xe3\x7d\x26"
	"\x72\x08\xc7\x42\x39\x6a\xe5\xe3\x19\xbd\x0f\x23\xa9\x0f\x63\xa8"
	"\x53\x7c\x56\x44\xec\xec\x53\x13\x9c\x56\xbf\x3c\xf5\xc0\x45\xe5"
	"\x3f\xdc\xdf\x1b\x9f\x0f\xbe\xa9\xa4\x43\xee\xe0\x0d\xb7\x13\x1b"
	"\x47\x55\xa0\x2d\x6a\x74\xf5\x55\x93\xb0\x4c\x58\xee\x38\xd8\xad"
	"\x1b\x93\xdd\xd9\x07\xbe\x8e\x43\x33\x14\xf1\xec\xe1\xff\xeb\x8f"
	"\xc7\xcf\xb6\xf3\xf8\xf4\xa8\x1d\x69\xda\xe5\x02\x4f\x2e\xec\x9c"
	"\x0f\x94\xc9\xc7\x1a\x3f\xca\x7e\x7d\x50\xb6\xed\xe0\xcf\xf1\xc1"
	"\xef\x7b\x13\x19\x96\x10\xa6\x23\xb0\x1c\x6c\xb7\x38\x43\xb3\xe7"
	"\x20\x07\xe1\x3c\x8f\x6a\x35\x22\x2c\x6a\x26\xba\x09\x71\xbd\xa2"
	"\x01\xfc\xd0\x10\x16\xca\x06\x00\x5b\x7e\x9f\x4d\x67\x42\xd7\xe1"
	"\x17\x65\x00\x63\x10\x64\x67\x00\x6b\x1f\xe0\x01\x4f\x1f\xda\xf1"
	"\xaf\x3a\x87\x6b\x1c\x12\x63\x5c\xb1\x0f\xfb\x5c\xfd\x60\x91\xc8"
	"\x45\xeb\xbc\x60\x37\x2e\xb5\xfc\xdf\x30\xc5\x27\x34\x69\x3b\xda"
	"\x3e\xd3\x8a\x29\xd1\x75\xd3\x3f\xe4\xd8\xdc\x4f\x68\xc7\x38\x41"
	"\xe9\xa6\x97\x8e\x8d\xd0\x71\xd1\x07\x31\x67\x68\xcc\x82\x99\x50"
	"\x6f\x89\x1a\x9e\x69\xea\x2a\x47\x80\x99\xea\x58\xb5\xda\x78\x1f"
	"\x5b\x21\xc0\x19\x7a\xc1\xc6\xf9\xf9\xc7\xe3\xcf\xaf\xef\x3a\x52"
	"\xea\xcb\x9f\x3f\x7f\xfc\x7c\x5b\x7c\x33\xce\x93\xd4\x48\x7f\x5c"
	"\xbc\xbd\xfc\xdf\xf3\xdf\xed\xf8\x53\x4c\x6f\x58\x5d\xa1\xcd\xd1"
	"\xad\x08\xf7\x67\x8e\x84\xd0\xeb\x86\xeb\xf9\xac\x39\xb3\xc1\xe5"
	"\x89\x9a\x66\xa4\xa7\x1c\x27\x2b\x51\x5e\x00\x42\x77\x4c\xed\xeb"
	"\x06\xfc\x85\x6b\x0b\xfb\x5b\x7f\x58\x18\x5f\xcf\x55\x5d\xe5\xd5"
	"\xee\xe1\x2c\x45\xaa\xfa\x23\xbb\x43\x1f\xe4\xbc\xdb\x09\x10\xf9"
	"\x1a\x7c\x83\x00\xfd\x20\x38\x82\x29\x3a\x2f\x08\xf3\x78\x57\xd9"
	"\xc7\xa0\xee\xa6\xfe\xca\x86\x95\x37\x13\x90\xda\x39\xd0\x64\x48"
	"\xe0\x65\xe3\xe5\x2a\xb3\xa3\x1c\x3b\x05\x86\x44\x7e\xf0\xf1\x73"
	"\x9a\x5e\x40\x46\xa2\x1d\x43\xb2\xe9\xab\x52\x87\xbd\x27\xb6\x62"
	"\xe0\x49\xa6\x44\x43\x78\xff\x46\x44\xea\x52\x9b\x56\x4c\xe9\x45"
	"\x76\x25\xe1\xd1\xb6\x68\x31\xc9\x3a\x69\xad\x09\x5a\x39\xea\xfc"
	"\x2a\x05\x37\x2d\x2d\xa1\x39\x50\x5c\xf0\xed\xd5\x3a\xfe\xe7\x15"
	"\xd1\xb8\x0b\x42\x59\x77\x55\xf4\xd1\x21\xc0\x03\x13\x47\x90\x52"
	"\x34\x67\x1e\xab\xdf\x8e\x83\x13\xf5\xbb\x48\xec\x45\xa1\x02\xb3"
	"\x3a\x08\xa5\x03\x51\x44\x6d\x4f\x5c\x8a\x01\x12\xa1\x37\x06\x14"
	"\x15\x89\x81\x36\x32\x23\x55\x6a\xde\x3c\x24\xac\x65\x5e\x08\x46"
	"\x10\x19\x48\xf7\xb4\x07\xcc\x9b\x6f\xb9\x57\x67\xc1\x88\xb8\xee"
	"\x1e\x40\x10\xb3\x59\x4a\x55\xf6\x56\xd4\xeb\xd5\x09\x9b\x7e\x9f"
	"\x1a\x66\xd5\x0b\x7e\xa9\x94\xc9\xde\xd9\x5a\x34\x55\xaf\x73\x91"
	"\xe7\xfc\xdd\x85\xf4\x4e\x8a\x30\xf7\x4a\x93\xa2\x25\x2c\xde\x6e"
	"\xae\x82\x90\x3d\x1e\x0a\x70\x60\xe7\xc6\x59\x28\x42\xd5\xee\xc4"
	"\xcc\x7b\xea\xe5\x66\x9a\xaf\xf1\xb8\x98\x7b\x9e\x3e\xa7\x25\x6c"
	"\xa2\xb0\x17\xe3\x72\x86\x2f\xef\x66\xf8\xa7\xdb\x40\xf5\x9c\x7e"
	"\xb1\x88\x63\xc5\x10\x9e\x16\x53\x6e\x97\x5b\xcb\x11\x57\x9c\x80"
	"\xf3\xa6\xfa\xae\x8d\x93\x43\x42\x99\x4d\xe8\x71\x0b\x76\x27\xf8"
	"\x82\x68\x94\xe9\x73\xa3\x6d\xae\xbd\x1a\xe9\x8e\x40\x23\x03\x1c"
	"\x0a\x8e\x45\x2c\x3f\x37\x32\xf0\xd1\xa3\xb7\x62\x74\x69\x4c\xf3"
	"\x8c\x5d\xe3\x74\x69\x7d\x79\x7b\xc2\x36\x0f\x96\xdc\xac\x6e\x4e"
	"\x5d\x52\x57\xb8\xf8\xa5\xa3\x57\xc1\xfa\x41\xd8\x8b\xa8\xd3\x5c"
	"\x55\x90\xae\x80\x45\x15\x5f\x13\x06\x47\x69\xa1\xcf\x73\xb8\x3d"
	"\x49\x2c\xb7\xeb\x95\xbc\xbe\xc2\xed\xaa\xd4\x11\x22\xaf\xe4\x1e"
	"\xb4\x24\x6a\x91\x12\x31\x71\xb0\xcb\xd4\xb9\x26\x27\x42\xd5\xd4"
	"\x89\xdc\x2a\x79\x97\x11\xd7\x1e\x42\xe6\xab\xed\xd5\xd5\x3a\xc0"
	"\x5c\xe1\xb3\x58\xf2\x52\x56\x8d\xec\x5a\x05\xba\xb9\x09\x63\xa2"
	"\x6c\xf9\xe1\x43\x18\xa2\x0b\xba\x25\xd4\x88\x59\x11\x6f\xd6\x37"
	"\xb8\x51\x50\x22\x97\x9b\x5b\x9c\x05\x6a\x5d\x73\x3f\xd3\xa5\x92"
	"\x6d\xaf\x6f\xaf\x08\x23\xa1\xb6\x55\x6d\xdb\xf1\xb8\x5e\x77\x01"
	"\x1f\xa6\x52\xcd\x40\x4c\xe0\x4a\xe2\x5a\x07\xa7\x52\x1b\xbd\xe5"
	"\xb0\xf6\x4c\x70\x02\xdd\xf3\x32\xd1\xa1\x5e\x3a\x62\x5f\xdc\x8b"
	"\xc4\x04\x1d\x06\x5f\x5a\x8e\xcb\x33\x9b\x11\x70\x3c\xd8\xaf\xd1"
	"\xfa\xa9\x8c\x7e\x97\x42\x9f\xee\x75\xe8\x2b\xe3\x4f\x9e\x10\x29"
	"\xee\x5b\xd1\x9d\x9a\x4e\x16\x4d\x7b\x38\x36\xda\xdb\x27\x89\x53"
	"\xa7\x3f\x01\xb1\xcb\x4b\x1d\x25\xa4\xa9\xc0\x91\x1d\x7e\x00\x59"
	"\xf9\xbb\xa1\x71\x70\xca\x95\xe0\x50\x60\xc7\x21\xc3\x51\xcb\x18"
	"\x11\x17\x60\xe4\xdf\x84\xf8\x81\x88\x4f\x3d\x42\x55\x61\x73\xfb"
	"\x21\x98\xc9\x76\x1d\x9f\x36\x61\xc0\xe9\x74\x1d\x44\x88\xa4\xed"
	"\x6e\xb7\x59\xcd\x25\x3e\xd8\xe3\xe8\xc3\xf2\x6a\xb2\x64\xf4\xe1"
	"\xd3\xfe\xf5\xf8\xb6\x10\xa0\x87\xfb\x09\xfe\x54\xdf\x16\x6f\x5f"
	"\x94\x80\xf0\x79\xf1\xfe\xfa\xf8\xfd\x0d\xda\x6d\xf1\xf5\xe5\xfb"
	"\xf3\xe2\xb3\x5a\x03\x5f\xfe\x82\x7f\xda\xed\xa8\x3a\x89\x78\x13"
	"\x36\x4c\xc2\x5c\xc8\x35\x08\x58\xf3\x20\x4f\xf9\x32\xae\x37\x70"
	"\x29\xc5\x60\xf8\xd5\xf9\xf4\x15\xd3\xf7\xf7\xe7\xaf\x8b\x42\xc4"
	"\x8b\xff\x58\xbc\x3e\x7f\x7d\x7c\x57\x25\x1f\xfb\xdb\x83\x80\x0c"
	"\x90\x0c\xf1\xe1\x34\x4f\xc6\x22\x45\xc8\x07\xb5\xcf\x4f\xa9\x63"
	"\x46\xd9\x8f\xb7\x77\x92\x19\x3f\xbe\x7e\xc6\x3e\x43\xe2\x7f\xfc"
	"\xf5\xfa\x43\xed\x2c\x6f\x3f\x5e\x17\xf2\x5d\xd5\xc0\xf6\x6e\xfb"
	"\x6b\x5c\xc9\xe2\x37\x4b\xcb\x72\x2e\xdf\x39\xbb\xf1\xa0\xcd\xcb"
	"\xe3\x3d\x3e\x39\x79\x9c\x55\x84\x37\x7c\x19\x77\x4d\x2b\x4f\xb0"
	"\x94\xcc\x20\x28\xfd\x59\x5a\x37\xea\x4f\x8c\x1a\xd3\xd6\x7b\x25"
	"\xf2\x1f\x05\x84\x66\xc9\x58\x6d\x5e\xd1\x8d\x3d\x7b\xbc\xdd\xac"
	"\xae\x7b\x06\xe6\x88\x52\xf1\xb7\x37\x43\xc2\x6f\x6e\xc2\xed\x07"
	"\x3a\x61\x01\xb1\xa6\xc4\x4e\x07\xd3\x56\xe9\x6c\xaa\x5a\xef\x5a"
	"\x5e\xd4\x23\x55\xc2\xe5\x32\x0c\x43\x75\xb8\xda\xae\xd7\xa7\x91"
	"\x13\xb3\x1a\x38\xdc\xf8\x7f\xb6\x7d\x60\x9e\x39\xf0\x20\x04\x02"
	"\x80\x79\xcf\x08\x0b\xed\x31\x44\xc9\xc1\x72\xf0\x9b\xf4\x3f\xaf"
	"\x4f\xee\xf5\xa5\xdd\x71\xf7\x4d\x3c\x19\xd8\x10\x9a\x63\x2a\xcf"
	"\x9d\x8d\x99\xa5\x00\x0f\x5e\x8e\x32\x98\xa9\xe5\x1c\x64\x1c\x54"
	"\x27\x16\xdb\x91\x04\x75\xf2\xa4\x60\x1e\xa5\x38\x07\x2f\xf5\x18"
	"\x70\x3f\xd4\x8d\x17\xb2\xba\x68\x7d\x99\x16\xef\xff\xfe\xeb\x79"
	"\xf1\xab\x5a\x1d\xfe\xfb\x6f\x8b\xf7\xc7\xbf\x9e\xff\xb6\x88\x93"
	"\xff\x54\x6b\xd2\x6f\xd6\xf5\xec\x70\x78\x75\xca\x1b\x67\x8d\xa1"
	"\x12\x11\x40\x7b\x76\x25\x65\x1b\x3e\x12\xa3\x81\x77\x87\xcc\x2d"
	"\xc3\x8f\x33\xcd\xb6\xe3\xd2\xf5\x83\xe0\xa7\x2d\x2b\x6d\x63\x10"
	"\x4d\xcf\xab\xdd\xce\x31\x7f\xd6\x54\x19\x83\x91\x0a\xa8\xb1\x9c"
	"\x06\x69\x87\xf5\xd2\x39\x22\x9a\x14\xb5\x98\xf6\x8c\x0b\x49\xe3"
	"\x39\x84\xd0\xff\x9f\x01\x49\x26\x2f\x81\xe4\x22\x52\x7f\x05\x30"
	"\x4d\x1d\x1c\x4a\xe0\x5f\x36\x87\xab\x3c\xe7\x15\x8f\xe6\xb4\xc4"
	"\x93\x7e\xc3\x05\x67\x99\xd3\xe8\xa2\xee\xc7\xe3\xd3\x2e\x5a\x1b"
	"\x7c\x18\x74\x3d\x07\x8a\xca\xd3\x2a\x80\x89\xf8\x2a\xc0\xec\x87"
	"\xd7\xfa\xd8\x9d\xd4\x7f\x7a\x7a\xd1\x5f\xca\x6a\xd7\xf8\xdd\xe5"
	"\xaa\x3c\xb6\x27\xe2\xd6\x7c\x00\x04\xfb\x83\xc5\xac\x09\x7c\x9d"
	"\xb1\x38\x5c\x3c\x26\xe2\x0f\xc1\x02\x00\x60\x3b\x03\xd8\x5e\x87"
	"\x00\xc5\x21\x58\x83\xe2\xb0\x2f\x02\x3d\xa5\x1d\xd0\xa9\x71\x11"
	"\x40\x80\xa2\xae\xa1\xf9\x5c\x7d\x7e\xd5\x10\xe7\xd7\x1d\xd3\xab"
	"\x63\xc9\x8f\x94\x85\xcf\x19\x13\x38\xd2\x9d\x31\xe1\x9a\xd6\xed"
	"\x7a\x0e\xb0\x0a\xcf\xbe\x82\x35\x6d\x7d\x2f\xa8\xc9\xb7\x4f\x65"
	"\x16\x27\xee\xe3\x96\x33\xd9\xdf\xc7\x31\x84\x92\x4e\x20\xda\x34"
	"\x96\x43\x97\x1c\x63\x35\x87\xcf\x18\xba\x94\x7d\x66\x71\x91\x0c"
	"\xeb\x64\xe0\xb3\xbd\x02\xc5\x5b\x49\x47\x06\x1c\xf7\x1d\xd1\x44"
	"\x65\x5e\x47\x5d\x5b\xc9\x4c\x44\xf8\xcc\x52\x90\x94\xb3\x16\x24"
	"\xd9\x35\xf6\x90\x67\xe4\x4f\x33\xc6\xe1\xad\x65\x18\xad\x7f\x76"
	"\x62\x57\x42\x6c\x83\xdd\x1e\xdc\x36\xb6\x9c\x77\x8e\xf3\x7a\x83"
	"\x31\x7e\xfb\xbb\xe8\x61\xba\x79\x1a\x40\x5e\x17\x10\x1a\x08\x50"
	"\x09\x04\x39\x31\xa1\xed\x6f\x4d\x14\xde\x49\x1f\x64\x10\xf9\xa9"
	"\x0e\x0c\x8e\x92\xb0\x11\xef\x37\xf5\xd3\x7a\xb9\x5d\x06\x96\x02"
	"\x51\x87\xf6\x98\x12\xc2\xf5\x04\xf9\x6c\x79\x75\x15\x28\x5d\xcb"
	"\x03\x6b\x84\x7c\x28\x6e\xd6\xf1\xad\x5a\x4d\x57\x34\xe8\x5e\x8d"
	"\x26\x75\x5a\x5c\xae\x6e\xaf\x42\x20\x36\xb7\xf8\x27\xf1\x7a\x7b"
	"\xf3\xaf\xc0\x82\x02\x65\xd9\x7e\xb8\xa6\x11\xc7\xe4\xc3\x72\x1b"
	"\xa8\x0e\x2d\x31\x9b\x53\x53\x31\xb3\x2a\xd7\xc5\xed\xd5\xd5\x92"
	"\xe6\x1b\x1d\x1a\xcd\x1f\x36\x61\x35\xe5\x8b\x58\x04\xf6\x9f\x24"
	"\xa3\x79\x95\x4c\x4c\xb7\x33\x4f\x7f\xef\x84\x87\x05\x7d\x1f\xb6"
	"\x6c\x28\x3a\x76\xfc\x4e\x30\xf5\x73\x41\xa8\xfa\xa8\xcb\xce\xb3"
	"\x52\xb5\xd0\xb7\xb5\xad\x28\xa7\xca\xcd\xc4\x75\xee\x5f\x58\x67"
	"\x58\x5c\xb3\x53\x4c\x7b\x6d\x64\x45\x7b\x13\x38\x7b\x02\x37\xb1"
	"\xf3\x86\x58\xd5\x3a\x66\x11\xa5\xac\x4e\x20\x48\x9f\xf6\x75\x85"
	"\xba\x45\x53\x6c\xbd\xe2\xd9\xb7\x7e\x67\xab\x19\xe3\x8c\x7d\xa4"
	"\xcb\x52\xc9\x19\x59\xd5\x7a\x45\x82\x38\xae\x70\x26\x3f\x08\x88"
	"\xb5\x18\x28\x08\x1d\x94\x22\xe9\x95\xf3\x41\x84\x92\xba\x29\x16"
	"\x18\xf4\x13\xd7\x3d\x8a\x4b\x0e\x7b\xc5\xfb\xc4\x9b\x8a\xcc\x15"
	"\x73\xd7\xee\x76\x06\x7e\x51\x02\x8d\xae\x2f\xf8\xbd\x96\x4a\x73"
	"\xe6\x19\xb4\x8f\xbc\x03\xef\xbd\x38\xd8\x09\x0c\xd1\xd8\xf0\x80"
	"\x57\x6a\xae\xdf\x5e\xa8\xe6\xd6\x37\x92\x6a\x4d\x0a\xe5\x45\x24"
	"\xfb\xc7\x12\xfb\x04\x3b\x44\xc1\xbc\x52\x1e\x7b\x65\x9b\x9a\xbe"
	"\xdb\x5c\xf0\xd9\xa0\xbb\x54\x52\x88\x70\x24\x46\x05\x18\x9c\x14"
	"\x9b\x12\x5c\x86\xea\xc0\xbf\x0a\x44\x42\xaf\xe0\x6a\xfa\x1c\xff"
	"\x47\xef\x89\xe4\x18\x88\xaa\x23\xae\x42\x1c\x1c\x2d\x12\xaa\xed"
	"\x74\x2f\xb1\xb0\xe8\xf0\x82\x72\xb1\x5c\x6f\xaf\x17\xbf\xa6\x2f"
	"\xaf\xcf\x47\xf5\xe7\x37\x4c\xe9\x97\x8a\x86\x83\x61\x24\x9e\x77"
	"\xcf\xec\xca\x4a\x3e\xe0\xa6\xe6\x6a\xc1\x01\x7d\xb9\x1d\xeb\xc6"
	"\x73\x8f\xef\xda\x56\x46\x55\x99\x38\xe2\xa3\xbe\x0f\xb0\x7b\x15"
	"\x3e\x08\x87\x0b\xbc\xa5\xf8\xfd\x9e\xe5\x6a\x00\xd1\x2f\x05\x88"
	"\xbb\x0c\x11\x78\x59\xd9\x72\x54\xe3\x5c\xb0\x18\x9e\xaa\x78\xf6"
	"\x76\x87\x96\xe1\x4f\xc5\x7d\x2c\x84\x0a\x40\xa1\x87\x93\x41\x5a"
	"\x57\xf4\x07\xe7\x40\xb6\x23\xde\xfb\xab\xaf\x4b\x4e\xbe\x86\x03"
	"\x89\xbd\xca\xb1\x5d\xa3\xdd\x3b\x05\x53\x3f\xbb\x83\xee\x9a\xa6"
	"\x92\x4a\xf0\xc5\x92\x1c\xcc\xe3\x69\xff\xee\x8a\x7a\xcc\x5b\xe6"
	"\x45\x45\x3f\x13\x38\x34\xb8\xd9\x9c\x7e\x56\x42\x25\x54\xc2\x4d"
	"\x89\xdc\x3b\x69\x1b\xbc\x51\x0f\xfb\xd9\x55\x02\x26\x2f\x6f\xef"
	"\xaf\x2f\xbf\xff\x04\x95\xa7\xfc\xdf\x97\xf7\xa7\x2f\x0b\xf6\xfa"
	"\xf4\xe5\xe5\xfd\xf9\xe9\xfd\xe7\x2b\x62\x26\xaf\xaa\x09\x56\xaf"
	"\x5e\xdc\x15\xb5\x6c\x26\x55\xd3\xad\xbd\x9b\x85\x43\xd5\x50\x67"
	"\xb9\xf6\xa1\xce\x2a\xd4\x57\xbc\x95\x1f\x4b\x58\xdd\xba\x6b\x58"
	"\x4f\x02\x65\x59\x93\x8a\x86\xcf\x64\xa0\x76\x5a\x67\xa4\xf0\x76"
	"\xb9\x5e\x9e\x66\x12\xe5\x4a\x14\x86\x7d\xcd\x3d\x58\xe7\x22\xae"
	"\x28\xc7\x5b\x63\xd2\x96\xbb\xce\xb8\x59\xcc\xa9\xc3\x76\xaf\x93"
	"\x6e\xe5\x5c\x25\x0a\xf6\xc9\xcd\x54\x2d\x8d\xe7\x8e\x98\x4b\xeb"
	"\x06\x71\x2d\x92\xdb\xe5\x72\x49\xde\xb8\xd6\x30\x84\xd6\xc4\x2b"
	"\x77\x25\xa4\x9d\x76\xd1\x5c\x61\xd5\x7a\x53\xaa\x83\xa0\xf3\xd5"
	"\xfb\xf4\x98\xcc\x24\x6b\x62\x74\x44\x31\xa8\x65\x25\xdd\xe3\x62"
	"\x4e\x3d\xc3\xcf\x97\x24\x83\x93\x1c\xaa\x73\xe6\x46\xc9\x5e\x1d"
	"\x5e\xdc\x6a\x6a\x4a\x57\x46\xb7\xb7\xae\x78\x33\x4d\x6c\x9c\x6d"
	"\xbb\x93\x25\xba\xbe\x26\xce\xb6\x05\xac\x78\x84\x02\xb3\x3c\xe1"
	"\x8d\x11\x53\xa3\xae\x15\xbb\xaa\x5c\x93\x99\x11\xa2\xca\x83\x04"
	"\x85\x77\xd5\x90\xa5\x68\x67\x2b\x1c\x33\xd7\x9e\x3f\x2a\x59\x38"
	"\x0d\x24\x28\xdd\xf0\x46\x6a\x41\x8f\xe6\x12\x1d\xc4\xde\x69\xd7"
	"\x36\xdb\x97\x60\x32\x09\xd7\x07\xc4\x3b\x49\x1b\x72\x98\x87\x44"
	"\xbb\xd3\x2c\xa6\xd9\xa1\x46\x67\xba\x74\x5d\xed\x79\xef\x10\xf7"
	"\x7b\x41\x3d\xfa\x1a\x98\x5e\xc1\x90\x9a\x67\x3c\x97\xae\xe8\xd1"
	"\x93\xba\x76\x49\xa8\xc7\x7b\xf6\x3a\xcc\xbe\x9e\x61\xcf\x96\x4c"
	"\x49\xd9\x95\xbb\x7e\x89\x78\x26\x89\x1a\x6a\xa2\x74\xa6\xd7\x8e"
	"\x43\xd4\x65\x74\xdd\x1b\xcf\x85\xb3\x0b\x62\xe2\x6e\x27\x26\x78"
	"\x4f\x4e\xc6\x4f\x1a\x52\xf9\x86\xce\x49\xbe\xba\xa3\x02\x27\x27"
	"\x10\x06\x23\x9c\x1f\x57\x52\x0a\x77\x42\x87\x45\x7c\x35\x5b\x76"
	"\xfe\x29\xce\x84\x33\x72\x0c\xa5\x2b\x6b\xd9\xcb\x95\x60\xcc\xd8"
	"\xf1\xd9\x9c\x32\x25\xf5\xc1\x7e\xe6\xec\x2a\x99\x38\xdd\x64\xc9"
	"\xaa\xdb\x79\x01\x49\x2c\x00\x5c\x32\x70\x9a\x5d\x5f\x5d\x93\x5b"
	"\x4b\x56\x4a\x8a\x0e\x5e\x5f\x52\x92\x49\xae\x7d\x8a\xb9\x9e\xa9"
	"\xa6\xd3\x58\x59\xbd\x9c\x5b\x97\xb3\x3d\x3b\x72\xe1\x36\xca\xec"
	"\x58\x15\xb7\xab\x9b\xd3\x09\xdd\xbe\x86\x17\x85\x63\x87\x51\x9a"
	"\x2f\x60\x04\x38\x84\x99\xce\x2e\xa2\xe8\xc4\x32\x26\x4e\x54\x12"
	"\x7f\x6b\x77\x39\x54\x76\xd7\x54\xc9\x14\x83\x4a\x13\x13\xc2\x53"
	"\xb1\xbc\xc2\xe7\xd4\xc7\x62\x66\x3a\x15\xac\x39\xf0\xdc\x69\xe8"
	"\xe2\x50\x50\x2b\xaa\xbc\x23\x4c\x8b\xe5\xdd\xc3\x6a\xe6\x43\xea"
	"\x2b\xac\xac\x9c\x99\x5b\xe4\x27\x35\xea\x89\x1b\x81\xfc\x74\x43"
	"\x8b\xa2\x8a\x2b\x8f\x41\x76\x7a\x9c\x29\x8f\x88\x1b\x77\x80\xdd"
	"\xc9\xdb\xdb\x6b\xfc\x48\x00\xac\x9b\x65\x80\xa5\xbe\x98\x13\xec"
	"\x4f\x2a\xd7\x13\x71\x2d\xe0\x95\xa7\x9a\x2c\x52\x65\xbc\xba\xfd"
	"\x48\x18\x5d\x2a\xe6\x69\x75\xad\xb8\x94\x0d\x54\xf9\xe1\x7a\x7d"
	"\xba\xe0\xab\x92\x17\x02\x9d\x83\xc5\x43\xe3\xcc\x68\xf8\xbd\xbc"
	"\x22\x86\x40\xca\x59\x5e\xce\x7c\xae\x64\x6d\xff\xb1\x71\x1b\x31"
	"\x24\x5c\xa0\x93\xb7\xeb\xdb\xd5\xcc\xc2\x03\x4e\x7c\x1a\x2f\xb4"
	"\xae\x5c\x11\x03\xf8\x70\xda\xf1\xd9\xec\x9a\xaa\xac\x8a\xff\xa7"
	"\xec\x4a\x9a\xdc\xd6\x91\xf4\x5f\xa9\x63\x77\xc4\x74\x37\x17\x71"
	"\xd1\x61\x0e\x10\x48\x49\x70\x11\x24\x8b\x80\x24\xaa\x2e\x8c\x6a"
	"\xbb\xc6\x76\x8c\xed\x72\xf8\xd5\x8b\xf0\xfb\xf7\x8d\x04\x29\x89"
	"\xa4\x90\x00\xfb\xe0\x45\xc8\x0f\x3b\x08\x64\x02\xb9\xcc\xe2\xa9"
	"\x38\x4e\xb9\xd2\x3c\x80\x69\x38\x35\x4b\x2d\xf3\xe0\xd1\xbd\x14"
	"\xca\xa3\xe2\x5a\xc8\x5d\x64\xcf\x2c\x37\x06\x52\x1c\x65\xac\x1e"
	"\xd9\x54\x62\xdb\x57\x8e\x0d\x78\x08\xd2\x99\x97\x3b\x56\x4e\x0d"
	"\x0b\xf6\x4a\x76\x52\xcb\xd1\x38\x8a\xe7\x1c\xec\x28\xb6\xcc\x21"
	"\x83\xf6\x4f\x09\xe3\x42\x9f\x0a\x12\x62\x0f\xa1\x4f\x05\xca\x78"
	"\x3f\x15\x3b\xd4\x98\xab\xcd\xcb\x0e\xcd\x97\x3b\x64\x27\xb8\xe1"
	"\x19\x2c\xfc\x6f\x99\x28\x49\xd4\xb1\x81\x2a\x4d\x81\xf6\x7f\x97"
	"\x9b\x23\x8f\x35\x1c\x93\xef\x9b\x6c\x32\x10\x4d\xec\xad\x1c\xeb"
	"\x1a\x5c\x78\xcb\x7c\xc2\x3a\xa5\x7e\xb8\x46\xde\xf7\x81\x24\x2b"
	"\xf3\xa2\x6f\x52\x3f\x5e\xbb\x2a\x2b\xe1\x05\xd7\xdc\x74\xf0\xe6"
	"\xd0\x18\x49\x82\x70\xc5\xb5\x4d\xdc\x71\x08\x38\xf3\x3a\xe7\x52"
	"\x15\x79\xfe\x64\x2e\xb2\x2a\x48\xb3\x2d\xc8\xf4\xf2\x41\x20\x57"
	"\x6d\x2a\x1d\x8c\xb8\xa8\xeb\x3a\x44\xf1\x6c\xd3\x1b\x33\x41\xd7"
	"\x81\x67\x7c\xb8\x9c\xe4\x9a\x7c\x12\xea\xe7\x1a\x7b\x7d\x63\xc2"
	"\x5f\x3b\x26\x54\x70\x31\x59\x03\x82\xd3\xb5\x6f\xfe\x16\xf2\x9a"
	"\x51\xf4\xa1\x4f\x15\xb3\xf6\x91\x8c\x9a\xb8\x72\x6d\x99\xa2\xa2"
	"\x6a\xc3\x9c\x18\x37\x8f\xa9\x52\x9f\x0a\x93\xa6\x4a\x0e\x3e\x1b"
	"\xdd\xb3\x3a\xbd\xfd\xdb\x93\xba\x3e\xf3\x1c\xb1\x3f\x85\x95\x93"
	"\x73\xc4\xfa\x55\x08\xc5\x3d\x9a\xbf\x79\x76\x70\x34\xe2\x5c\x56"
	"\xb5\x38\x4f\xa6\x0e\x9e\xd5\xdb\x62\x87\xc6\x0b\xbc\xe4\x95\xf9"
	"\xfe\x30\x7d\x0a\xef\x53\x1c\xb9\xa6\x39\x58\x47\x6b\xc5\x9d\x10"
	"\xc4\x02\x55\x16\xc4\xb1\x5a\x8f\xd3\xdd\x5f\xfd\xec\x1a\xc5\x4d"
	"\xe7\x88\xaa\x3f\xe9\xc0\xaa\x9f\xce\x1e\x0d\xee\x8b\x3d\xb1\xe7"
	"\x72\x1a\x90\xb2\x4f\xe9\x4e\x11\xb6\xd8\xae\x80\x10\x01\x6c\xb3"
	"\x8c\x61\x22\x4d\xcd\x8c\x8f\x93\x4a\xf0\xed\xaf\xf2\x47\x37\xf9"
	"\x90\x38\x37\xcf\xd2\x69\x14\xde\xf3\x18\x26\x37\xf5\x18\x26\x37"
	"\x04\x33\x20\x1f\x0a\xee\xf8\xa1\xc5\xed\xb0\x27\x28\x30\x32\x6c"
	"\x72\x4b\x71\x0e\x59\x4e\x63\xd4\x67\x08\x86\xfb\x8c\xe3\x90\x8a"
	"\xc2\x85\x27\x4e\x1f\xae\x44\x0c\x43\x58\xef\xcf\x05\x1b\xb9\x33"
	"\x10\x27\x95\x32\xb9\x15\xc9\x33\x88\xdf\xbc\x83\xc7\x52\x45\xba"
	"\x37\xa8\x60\xec\x01\xd2\xef\x1c\xba\x4c\x6e\x2c\x67\x39\x47\x77"
	"\x92\xfd\x3d\x25\x0e\x68\xd3\x34\x59\xc7\x1b\x1c\x20\x53\x2f\x6c"
	"\x51\xb2\x9a\x74\x50\x97\xb2\xd1\xd3\xc4\x46\x1f\xae\x08\x51\x00"
	"\x65\x94\x64\x78\xfb\x87\x1b\x14\x94\x9e\x11\xb5\x7a\x2d\xc5\x67"
	"\x35\xb0\xad\x81\x95\x2e\x69\xea\xfb\xf6\x12\x56\xa9\x9d\x1e\x27"
	"\x73\xfa\xf5\x2d\xad\xcd\xf5\xf4\x4d\x9e\x88\x68\x5d\xa8\x15\x8e"
	"\x95\xa8\xc5\xed\xae\x3d\x91\x33\x0a\x29\x40\xcd\x4b\xfa\x9e\xef"
	"\x53\x1c\x03\x9e\x4a\x10\xda\x20\x6a\x3a\xe9\x4a\xc2\xc0\x31\x5a"
	"\x6a\xb3\x92\xb5\x10\xb5\x00\x21\x7d\x3b\x08\xa4\x12\x14\x51\x6a"
	"\x8f\x28\x04\x6f\xc9\x93\x35\xfb\xc0\xdb\x59\xe8\x9a\x1d\xc3\xe9"
	"\x8a\x25\xb3\x76\x13\xf8\x00\x9c\x28\x73\xdf\x6b\x6b\xc4\x8c\xa4"
	"\x21\x6a\xc7\x67\x14\xaf\xfc\x08\xaf\xdc\x22\x47\xe9\x2d\x2b\x58"
	"\xa9\x76\x5b\xb5\xcb\x04\x0d\xfc\x6d\x9b\x49\x25\x3e\xaf\xd7\x11"
	"\x37\xdd\x67\xd7\xf5\xc8\x58\x50\xfd\xe8\x36\x22\x9b\xc6\x84\x86"
	"\xc4\x2c\x07\xd3\xd2\x7c\x9a\x38\xf7\xab\x0f\x69\xbc\xae\x67\x28"
	"\xad\xef\x30\x8d\x81\xab\x92\xab\x09\x4a\x4e\xab\xab\x06\xf7\xd1"
	"\xa3\x52\x2e\xaa\xc8\xa3\x24\x6d\x63\x2f\xa7\xda\x0d\xc2\x7c\x53"
	"\x2a\x8a\xfd\x28\x33\x68\xba\xf7\xce\xce\xc0\x3e\x7f\x6a\x2d\xa4"
	"\x95\xe0\x25\x45\xcd\xa2\x1e\xc9\x09\xbb\x40\x04\x72\x9d\xef\x88"
	"\x30\xfa\xef\x19\x5c\x65\xa5\x7e\xe4\x4d\x5b\xd2\x27\x06\xf3\x56"
	"\xc0\xc5\x42\x6a\xb4\x4c\x05\xaa\xfa\x33\x91\x81\x2e\x5d\x82\x43"
	"\xc1\x4f\x5a\x8c\xb0\xee\xfc\x24\x25\xf7\x54\x9a\x51\x7d\x6d\x3d"
	"\x6f\xc4\x40\xeb\x72\xa3\xc1\xe9\x18\x51\x52\x6e\xca\xdc\xdf\x57"
	"\x5e\x10\xe8\xb0\x5d\x4a\xe1\x1b\x66\x07\x65\x7c\x1d\x23\xda\x64"
	"\x17\x88\x68\xd6\x09\xc2\x46\x8d\x20\xa9\x0b\xa2\x3e\xed\x24\x42"
	"\x84\xe8\x31\x68\xed\x02\xed\x8a\x38\xf0\x88\x65\xf8\x4a\xd8\xee"
	"\x53\xcf\x34\x7c\x70\x98\x6c\x2c\x59\x39\x15\x49\x1a\x1a\xb3\x36"
	"\x10\x88\xbc\xdb\x57\x66\x6b\xb9\xd1\x98\x8b\xc3\x46\xe4\x17\x6d"
	"\x16\xe3\xd2\x18\x20\xf3\x5a\x48\xc1\x3a\x1e\xc5\x21\x6e\x43\x48"
	"\xca\x20\x31\x4a\x49\xda\xa1\x5c\x5e\x3c\x8e\xb5\xdd\x74\x86\x86"
	"\xab\x9d\xe2\xd0\xce\xab\xca\x6b\x51\x95\x41\x9a\xa6\xf8\x77\x49"
	"\x03\xb3\x68\x78\xe9\xc7\x33\x39\x34\x07\x61\x5c\xe0\x6d\x1a\x84"
	"\xbe\xd7\xd9\xbe\x6b\xc0\x3d\x92\x82\x23\x0a\x88\x17\xc8\x93\x3a"
	"\x8d\x4e\x27\xc4\x19\x2a\x80\xf6\xa2\xb2\x16\xa0\x18\x84\xc8\x6f"
	"\xf1\x05\xce\xea\xbd\xad\x99\x82\xe5\x0d\xbc\xf0\x22\x0f\x12\x00"
	"\x39\x16\xb1\x63\xe9\xd3\xbd\x12\xda\x4d\x43\x79\x9a\x49\xf7\x57"
	"\xff\x6b\xa7\x4c\x20\xf0\x9b\xa2\x04\x9f\xdd\xb2\xa8\x94\x34\xf0"
	"\x7d\x57\xbe\xa9\xd2\x8a\xfa\x69\x51\x48\x55\xd4\xe8\x11\xa7\xa0"
	"\xc6\x5f\x8a\xba\x7e\xc4\x29\xdd\x1e\x39\x0f\x28\x69\x8a\xb5\x8f"
	"\xd8\xe7\xaa\xac\xf1\x63\x81\x28\xc2\x44\x51\x10\x22\x92\xa0\xda"
	"\x2d\x7c\xb4\x44\xec\x01\x02\x7c\xf3\xc5\xc6\xc3\x62\x3a\x98\x7c"
	"\x7a\x17\xaf\x13\x90\xba\x92\x98\x46\xde\x9d\x39\x9c\xa1\x54\xb3"
	"\xaa\x00\xf2\x80\xbf\x0a\x2d\xa6\x07\xda\x4d\x09\x26\xf0\x01\x71"
	"\x6b\xbe\x59\x18\xb7\xe6\xf2\x94\x6b\x20\xdd\xbd\x75\xb1\xfa\x14"
	"\x60\x22\x39\xd0\x02\x8c\x76\x2a\x56\xeb\x38\xc2\x68\xe1\x7a\x85"
	"\xd2\x4e\x6c\xcb\x1c\x3d\xd0\xee\xf4\x04\x9b\xb4\x14\xb6\x71\x62"
	"\x66\x25\xd5\xa9\xcd\x11\x75\xc8\x3a\x5a\x0d\xfe\x7d\xcd\xe4\x86"
	"\x09\x6e\x0c\xc8\x30\x6e\x8e\xe1\xe9\xaa\x00\xdd\x7e\x89\x18\x77"
	"\x5c\x88\x5a\x81\x17\x3c\x48\x99\xf9\x52\x18\x08\x44\xf3\x8a\x9f"
	"\x8a\xf4\xd1\xd5\xaa\x3c\x63\x64\xb6\xa3\x70\xb5\x66\x3d\xff\x80"
	"\x78\x61\x49\xe2\xdf\x9e\x85\x16\xe4\x16\xda\xc1\xd1\x9a\x86\xcc"
	"\x9f\xdf\x1b\x19\xb4\xe8\x1e\x6a\xb9\x7b\xd6\xcc\x20\x62\x13\xd0"
	"\xd3\x12\xd3\x85\xb8\x2c\x60\x33\x9a\xf9\xcd\x03\xf8\x3a\x40\x1e"
	"\x33\x07\xaa\xb0\x52\x33\x9c\x9a\x04\x21\xb1\x52\x37\x96\x92\xd3"
	"\x34\xb7\xd6\x6b\xa1\xaa\x33\x83\x58\xf3\xd2\x03\x4a\x6d\xdb\xd6"
	"\x4c\x4c\x15\x89\x38\x27\x59\x4c\xee\x1f\xd5\xcf\x6e\xed\xbb\xb6"
	"\x5c\x31\xe1\x9a\xe8\xc9\x0f\x9c\xab\x62\x7a\xcd\x79\x2a\xfc\x00"
	"\x79\x13\x05\x12\xc2\x7b\x2a\x52\x8a\x92\xe6\xef\xb9\x86\x36\x3c"
	"\x9f\x33\x72\xc7\x2b\x3d\x67\xaa\xf5\xe6\xa6\x00\xc9\xf7\x9b\x93"
	"\xa3\x58\x7d\xa5\x95\x97\x53\xb5\x99\x27\x59\xc2\xbe\xae\x44\x27"
	"\x75\x9c\x6a\xcf\x3c\x76\x27\x95\xfb\x93\x70\x08\x09\x3d\xeb\x7b"
	"\xc2\x9c\xd2\x83\xe6\x6b\x87\x6d\xc4\xb4\x54\xfc\x0c\xcf\x39\x68"
	"\xb8\x6b\x47\x66\x23\xb9\x91\x16\x59\x57\x14\x17\xfd\xe7\x91\x26"
	"\x9b\xca\x02\x2e\x70\x03\xc4\x05\xee\x15\x10\xda\x00\xa0\x72\xa3"
	"\xef\x3b\xec\x65\xac\x8c\x5c\xae\x26\x1f\x94\x9c\x2d\xee\x5b\x06"
	"\x06\xe1\x47\x8a\x65\xda\xe5\x65\x71\x31\xf1\xcd\x7f\x40\x9c\xf2"
	"\x87\xd3\x57\xf0\x48\xf6\xb7\xc1\x93\xf8\xd7\x1f\x9f\x1f\xde\x7a"
	"\x7f\x86\x7f\x7f\x78\x7f\x53\x05\xbc\x3e\xbc\x7f\xb9\xa0\x0c\xb7"
	"\x9a\x18\xff\x7b\xe4\x2d\x28\x6f\x62\x4f\x8c\x59\x7e\xc4\x26\x56"
	"\x6b\x81\x1b\x3c\x37\x8e\xec\x6e\xb3\x12\x73\x78\x63\xf0\xa6\xf0"
	"\xf3\xcf\x77\xd4\xea\x5c\x5b\xf3\x8f\x62\xf9\x69\xe3\xfe\xc1\x27"
	"\xe9\x24\x6d\xbb\x85\x75\x52\xcc\x42\xaa\xf4\x34\x70\x02\x8f\x79"
	"\x21\xeb\x11\x42\xbb\x7b\x7f\xe4\xc8\xa9\xde\x83\x38\x91\x0d\x6b"
	"\xe7\x20\xdd\x89\xc3\x1f\xaf\xbf\xbe\xbd\xfc\xf8\xf4\xf0\xf5\xc7"
	"\xfb\xeb\xaf\xff\x7b\x99\x39\xed\x19\xf2\x57\x07\x91\xdb\xdb\xf1"
	"\xa1\x3a\x9b\x7d\xf0\xf7\xe4\xfc\x38\x73\xb3\x75\x49\xc6\x78\xf0"
	"\x9e\xfe\x98\x9f\xc1\x3f\x98\xb4\x43\x14\x6f\xb2\xa9\x90\xe9\xc1"
	"\x1c\x6f\x5e\x33\x6f\x2a\x75\xe0\x4d\x14\x4b\x86\x34\x25\x59\x98"
	"\x39\xc8\x11\xa0\x8e\x22\x44\x96\x9c\x81\x4c\x0f\xba\x37\x88\x7c"
	"\xdc\x98\x9b\xf0\xa4\x24\x7a\x44\x2e\x18\x61\x02\x3f\x76\x60\xb2"
	"\x21\x16\x43\x13\xa7\x91\x1d\x59\x3c\x3e\x6e\x32\x5b\x63\xe1\x59"
	"\xc6\xd8\x56\x20\xe8\x05\x8b\x98\xb2\x5c\x81\x12\x76\x1f\x3f\x76"
	"\x82\xd2\x95\xef\x18\xdb\x7e\x5d\x3b\x3a\xc4\xd3\x10\x11\x92\x26"
	"\x98\x30\x74\xd5\xd5\x26\x61\xb4\x76\x80\xa8\x70\x00\xea\x46\x9d"
	"\x70\x76\x4c\x99\x9f\x24\xb2\x7b\x5f\x31\x10\xde\x03\xce\x0f\x47"
	"\x75\xc3\x8b\xbf\x03\x24\xab\x13\x39\x91\xb3\x03\x75\x28\x1f\x37"
	"\x8e\x99\xad\xd4\x0e\xb3\x72\xcc\x2b\x0f\x3a\x59\x1d\xe8\x1e\x8b"
	"\x9d\x72\x45\xb6\xd2\x59\x1f\x25\xb5\xef\xb7\x8e\x05\xb0\x31\x3a"
	"\x86\x1f\x6d\x6c\x63\x4f\x24\xe0\xee\xb7\x16\x81\x21\x49\x1d\xe2"
	"\xe3\xa8\x20\xb7\xf4\xcd\x39\x33\x25\x83\x36\x8d\xfa\x77\x7c\x2b"
	"\x7e\x23\x8a\x73\xa9\xbd\xb1\x08\x2b\xb1\x13\x83\x03\xc4\x3b\x08"
	"\x3d\xd7\x53\xcf\x8b\x37\x92\x76\x0e\xa8\x5d\x5c\x4d\x64\x9a\x2b"
	"\x3d\x2f\x80\x77\x42\x4c\xe3\x46\x8d\xc8\x41\xca\x45\x34\x75\x46"
	"\xb5\xe9\xa9\x64\x46\x4f\xe7\x57\xd0\xb6\xa2\x20\xa0\x8c\x3d\x89"
	"\x8c\x2a\x9a\x3b\x79\xec\x49\x22\x6f\x18\xa2\x89\xd0\x03\x48\x5d"
	"\x17\xb9\xae\xde\x02\x52\x73\x1f\x61\x56\xcb\x3d\x82\x9e\x49\x4d"
	"\x2c\x74\x18\x2e\xd4\xd9\x52\x0f\x39\x0a\x25\x10\x10\x5b\x21\xf8"
	"\x53\x76\xdf\xd7\xeb\x84\xdb\x2b\xba\xe1\xcc\xb7\x29\xd7\x93\x58"
	"\x28\xd0\x44\x1c\xbc\xa4\x75\xa4\x24\x58\x24\xd4\x1b\x26\xcc\x1c"
	"\x00\x44\x89\xe0\x0a\xa0\xd5\x06\xb1\x86\xbd\x42\x76\x5b\x44\xaf"
	"\xfc\x86\xc0\x82\x96\x4f\x10\x1d\x77\x81\x0e\x4c\x1d\x49\x1c\x71"
	"\x3a\x78\x85\xe9\xdb\x12\x42\x1d\x28\xc1\xb2\xfc\xc4\x4a\x2c\xac"
	"\xf5\x15\x27\x39\xc2\x3b\xdc\xea\xd3\x4a\x82\x76\xcc\x89\x34\x0d"
	"\xab\x1c\x55\x71\xb2\xd3\xba\xba\x8e\x86\xd7\x84\xe6\x15\xe2\xb1"
	"\x77\x8a\xda\x10\x44\x39\xf6\x06\x93\xac\xdc\x39\x87\xe0\xc4\x32"
	"\xf5\xc3\x0e\x7a\xde\xe7\xe5\xfe\xe0\x58\x2a\x44\x44\x9e\xef\xdb"
	"\x31\xc0\x7e\x1e\x8c\x71\xc9\xae\x90\xb6\x26\xa3\x8d\x7a\x92\xac"
	"\x78\x70\x8c\x32\x8f\x22\x70\xa5\xd6\x42\xd3\x31\xbd\xc3\x1b\xae"
	"\x6d\x70\x67\x5f\x3a\xcc\xf6\x48\x4a\xe8\x7f\xf7\x4f\x18\x34\xa7"
	"\xe3\x06\x8f\x49\xac\xee\xaf\x7b\xee\x49\x3b\x39\xbe\xb5\x1c\x11"
	"\xf6\xa4\x54\xf2\xd4\xce\x48\x7b\x84\x70\xdf\x13\x9d\xa8\x1b\xcd"
	"\xf0\x10\x39\x87\xf5\x5b\xb5\x5a\xad\x8a\x0f\x5f\xe1\x5d\x85\xad"
	"\x5a\xd0\x26\xcf\x47\x6f\x35\xa3\x44\xb0\xd1\xaf\x21\x80\xc9\x54"
	"\xb1\x75\x8c\x20\x99\x48\x52\xc4\xb7\xdf\x14\x97\xa4\x49\xb2\x0c"
	"\xb6\x5e\x00\xa3\x6e\x4c\xe3\x7b\x81\x8f\x6e\xdf\x13\x28\xdc\x95"
	"\x77\xbc\x95\x6e\xe4\x41\xf1\xd3\xac\xa5\xac\x71\x42\x37\x87\xc0"
	"\xf7\xfc\x70\x19\x2e\x70\xf7\x19\xb4\x15\xaa\x32\xef\x18\x2d\xd3"
	"\x10\xe1\xc2\x27\xf8\x73\x4a\x25\xdf\xf9\xc8\x8b\xc3\x14\x2a\xa5"
	"\xa8\x71\x63\x80\x7b\xec\x6a\x19\x38\x83\xd3\x11\x71\x97\x30\xc6"
	"\xed\x09\xaf\xc5\x9e\x2d\x28\x31\xcf\x25\x73\x83\x76\xa4\x20\xed"
	"\x42\x98\x8d\xad\x99\xa0\x5b\x1a\x62\x66\x32\x63\xdc\xf6\xf0\x81"
	"\x49\x71\x70\xe2\x76\x55\x95\x31\x77\x23\xf7\xea\x78\xcb\x6b\x27"
	"\x8c\x15\x2c\xc0\x02\x4e\x8d\x71\x22\x16\xe7\x24\xf6\xdd\xad\x3b"
	"\x94\xcf\x0b\x66\xe3\x51\x6e\x03\x3f\x70\x7f\xd7\x39\x76\x1a\x4e"
	"\x41\xee\x95\xa2\x77\xb4\xee\x84\xfa\x9d\xb9\xc7\x2e\xd9\x00\x94"
	"\x20\xe9\xfb\xe9\x82\x22\x95\x30\x19\x2d\x59\x04\x9c\x0b\xdf\x5f"
	"\xb9\x61\x79\xb1\x25\xa2\xe3\xac\x5e\x80\xc5\x19\xeb\xc9\x42\xe0"
	"\x6d\x7c\x28\x3a\x29\xdc\xbd\x66\x65\xde\x32\xf7\x90\xf3\xc7\xc4"
	"\x0f\x9c\x28\x25\xfc\x72\x70\xd2\xed\x9e\xe5\x4c\x76\x5b\x19\xb5"
	"\x9e\xfb\xd0\xd0\xff\x6f\xd8\x6e\x2f\x97\x41\x4f\xcc\xbd\xc8\x16"
	"\xee\xde\xa7\x4c\x6a\x0d\xc9\x25\xab\x47\x2b\x16\x55\xbc\xae\x04"
	"\x16\x5f\xe0\xae\xa5\x4c\x06\x0b\x8e\x06\x35\x89\x7a\x77\xaa\x96"
	"\x20\x03\xcf\x5b\x2d\xc4\x45\x0b\x71\xee\xef\xba\xe1\x0a\xea\xde"
	"\x74\x58\x91\x93\x6c\x01\x4c\x2c\x1a\x6f\x21\xfd\x20\x0c\x16\xc0"
	"\xf8\x76\x49\xe3\x0e\xcd\xca\x5b\x82\xda\x2a\xf6\x0f\xf7\x04\x3c"
	"\x01\xb7\x69\x1c\x2d\x98\x8c\x5a\xc4\x91\x97\xb8\x37\xed\xe7\x5c"
	"\xc6\x41\xe0\x5e\x2f\xcf\xb8\x00\x33\x99\xb4\x6a\xcf\x07\xb6\x23"
	"\x5c\x30\x8a\x6e\xc8\x55\x06\xce\x44\xfb\xdf\xa1\x41\x57\xfc\xbf"
	"\xc8\x21\x11\x3d\x33\x14\xbd\xa8\xfc\x3d\xc4\x35\xd3\xfc\x15\x76"
	"\xad\x3d\x39\xdf\x17\xac\xa9\x52\x82\xca\x46\xbb\xa4\xac\xce\xdb"
	"\x16\x3a\xe0\xda\x82\x86\xf6\x2c\x83\x12\x28\xda\x74\x8e\x47\x1a"
	"\xf1\xfb\xf7\x6f\xad\x60\x90\x15\xda\x87\xab\xca\x74\xf3\x0e\xdc"
	"\xcb\x00\x65\x75\x24\xa3\x36\x5c\xbc\x01\x66\xd5\x01\xfe\x91\xe3"
	"\x00\x44\xa3\x0c\x35\x81\xe0\x83\x65\x75\x8b\x6d\x28\x2c\xb8\x5c"
	"\x64\x37\x1d\xb4\xd9\x5b\xc1\xf4\xd4\x5c\xb0\x18\x72\x3a\xdb\x72"
	"\xa6\xb7\x87\x6c\x6a\x22\x34\x38\x70\xce\x12\x7f\xd5\x5a\x5e\x2c"
	"\x7a\x09\x80\xaa\x85\x83\x1e\xb2\x3d\x70\xc3\x89\x8f\x38\xf6\x1f"
	"\x9e\x4f\xc2\xd6\x53\x1f\x97\xc4\xae\x8b\x7b\xd4\x7e\x23\xeb\xfb"
	"\xb0\x77\x13\xc8\x53\x5d\xd6\x5d\x0d\x61\xdf\xbb\xa9\x69\xe6\xd0"
	"\x51\x4e\xd2\x95\xb5\x25\xbb\x3a\x20\x56\x32\x98\x6c\x28\xde\x12"
	"\x7b\x77\xbb\xa1\xb2\x9c\x56\x99\x15\xa6\x96\x80\x0e\x9c\x25\xf3"
	"\xc0\xfe\x2e\x24\xd4\x8a\x18\x90\x36\x60\x2b\x3f\xac\x2d\x74\x3d"
	"\x2c\x9c\x58\xcb\x38\xe7\x64\x1e\x43\x6e\x86\xa0\xdc\xf7\x6c\xb5"
	"\x80\x6b\xab\x02\xbc\x0a\xe2\x7e\xba\x7b\xe0\xe1\xf2\xb0\x68\x18"
	"\x3c\x5b\x2f\xe8\x36\x8d\x90\x9b\xd0\x01\x71\xe2\xee\x29\x02\xd0"
	"\x91\x61\xb7\x7b\xa3\x69\x6c\x2a\x49\x9a\x33\x58\x3d\xbb\x66\x33"
	"\x6b\x8b\xd0\xfa\xbd\x30\x2e\x54\xf3\x0f\xd6\xc1\x25\xa8\xb8\x34"
	"\x3c\x93\x56\x74\xf8\x50\x94\xac\xde\x90\xb3\x05\x9a\x35\xc7\x20"
	"\xf6\xda\x61\x1e\x84\x0b\x19\x47\x8b\x91\xc9\x02\x24\x6c\x8b\x6a"
	"\xe9\x76\xe2\x64\x76\x26\x76\xff\xb9\x0e\x1b\xed\xbc\xc3\x92\x1f"
	"\x8b\x28\x44\x1c\x05\x35\x9c\xdd\x4b\xd5\xd3\x57\x69\x7d\xc5\xd7"
	"\xfb\x84\xbf\x85\xe5\xbb\x25\x2a\x81\x96\x09\xf0\x4f\xb5\x05\x97"
	"\x1c\xf7\x5b\xfd\x98\x5c\x92\x23\x9b\xef\xd8\x73\xba\x3a\x39\x1a"
	"\xf6\x3c\x8e\x20\x8f\xe0\x8e\x70\x47\x34\xf1\x2f\xaf\x92\xa7\x47"
	"\xc8\xcd\xf0\x86\x89\xba\x20\x6a\x30\xeb\x3c\xcf\xba\x43\x6d\xb4"
	"\xbe\xb9\x75\x69\x5b\xab\xed\x3e\xcf\x4d\xdd\xd1\x7e\xfd\x15\x5d"
	"\xb1\x31\x5e\x27\xc0\xcb\xa7\xac\xfa\x40\xee\x37\xeb\xb8\x91\x77"
	"\xbc\x5b\x99\xc3\x31\xba\xad\xb2\xf9\x89\xa3\x1f\xa9\xf7\x2f\xbf"
	"\x3e\xe9\x60\x8a\xec\x5f\xd5\xc3\xc5\x1f\xfa\x35\xde\x43\x33\x7d"
	"\x6a\xd5\x09\xf0\x37\xea\x9f\xa8\x47\x40\x40\xc9\x47\xcc\x81\xb4"
	"\x46\xd4\x14\xde\xa6\x4c\x06\x0e\x9a\x5c\xb0\x4d\xff\x08\x36\xcb"
	"\xd6\x90\x93\xad\xda\xde\xcd\xd7\xac\xe0\x79\xcd\x22\xe0\x98\xbf"
	"\xd1\xa1\x98\x86\x3a\xca\x20\xf5\xc6\x0e\xe8\x9f\xa2\x05\xa6\x50"
	"\x8e\x4a\x39\x3b\xc2\x73\x63\x6c\x14\xfa\xe5\xe5\xd7\xcb\xc7\xf7"
	"\xd7\x5f\xa3\xc0\x46\x17\x7e\x61\x6a\x38\x72\x34\xaa\xc9\x97\xac"
	"\x5d\xa7\x5d\x2d\xa7\x66\xae\xbd\x0a\xab\x4e\x46\x3b\x43\x80\xf3"
	"\x29\xfb\x28\x9d\x88\xe7\xc3\xb2\x7a\xae\x30\x97\x0c\xdd\x4e\x20"
	"\x5c\x2c\xc4\x45\x54\x52\x90\x31\xf0\x69\x91\xc1\x72\x87\x58\x92"
	"\x10\x85\x73\x1a\x04\xf3\x38\x0b\x1a\xd6\xfb\xf4\x7f\xfd\xf5\xf5"
	"\xe5\x9b\x49\x89\x67\xe8\x43\x1a\x4c\xd9\x87\x3e\x34\xd5\xdb\x8f"
	"\x7f\x68\xc2\x1f\x7d\x76\xed\xb7\xcf\xe0\x8a\x72\x28\x03\x96\x75"
	"\x57\x17\x9e\xef\xd9\x46\xeb\x8a\xf2\x6d\x28\x1d\xe6\x8e\xea\xd3"
	"\x80\x77\x60\xfc\x35\x37\x70\x98\x67\x50\x5c\x7b\x88\xda\x78\x8f"
	"\x21\xad\x0d\x02\xf1\xde\xd1\xc0\x80\x03\xe6\x83\xe0\xc8\x87\x09"
	"\x75\x08\x0e\x9a\x56\x6a\xbb\x24\xc5\xb6\xd3\x81\x73\xd9\xcc\xa2"
	"\x7f\x06\xec\x03\xfa\x19\x5c\x40\xce\x73\x08\x4a\x4b\xc4\xcc\xec"
	"\x8a\xf0\x63\x26\x92\xd6\xda\xc5\x61\x17\xf8\x20\x09\xf8\xea\x94"
	"\x0b\xa0\x2e\x18\xdb\xb6\x71\x1b\x5b\x87\x7e\x30\x62\x53\x67\x84"
	"\xb3\xce\x86\xda\xc8\x4d\x1d\xd8\xc8\x5b\x51\x74\x45\xed\xaa\x83"
	"\x82\xb5\xbe\x0e\x3e\xcb\x76\x8c\xaa\x6f\xa8\xb1\xa1\xc1\x33\xf3"
	"\xc6\x68\xea\xa5\xb6\x96\x4e\x9f\x22\x93\xb7\xdc\xfd\x91\x76\x19"
	"\xa5\xb6\x40\x72\xb6\xd9\x66\x35\x87\xd5\x53\x66\x85\x39\x7a\xf1"
	"\x49\xed\xf2\x65\x36\x55\xc3\xbf\x26\xea\x80\x56\x6a\xf7\xe4\x88"
	"\x27\x80\x1b\xf0\xde\x1d\xf7\x1d\xe4\xde\x83\x1d\xbc\xe9\x33\x53"
	"\xb8\xce\xc1\x67\xf7\x47\xc3\x36\x3c\x0a\xe9\x72\xb2\x45\xe7\x95"
	"\x54\xfd\xa9\x39\x12\x98\xf7\x88\x1e\xa9\x6a\x69\x15\xe7\xd9\xfc"
	"\x0c\x1e\x45\x5f\x3e\x9b\x02\xeb\x91\x4c\xd4\x4d\x4d\x51\xd7\xd9"
	"\xf0\x65\x36\xd9\x66\x37\xe6\xd9\x9a\x4d\xb4\x24\x72\x17\xc0\xe0"
	"\x6c\x13\x83\x84\x6b\x06\x0d\x33\xd5\x1c\x84\xd4\x21\x44\xfa\x48"
	"\xca\xf7\xfa\x71\x01\x35\x68\x2d\x8e\x03\xfe\xaa\x1f\x9d\xd6\xa1"
	"\x61\xe5\xb6\x9a\x26\xc3\x15\x24\x91\xb3\xb4\xbd\x82\x6a\x2d\xbf"
	"\x51\x22\xd7\x46\x58\xbd\x1d\xfb\x9f\xdf\xde\xbf\xfe\xfc\xf6\xfa"
	"\x5b\xcd\x1f\x54\x4e\xbf\x7c\xfd\x69\xda\xee\x21\x1b\x69\x36\xfd"
	"\x29\xae\x0a\x55\xc3\x51\x22\x1e\x65\x86\x1a\x2c\xc2\xcf\x15\xa0"
	"\xfe\xb6\x22\x0a\x49\x57\x21\x72\x4f\x7c\xc1\xd4\x94\xac\xa3\x95"
	"\xbf\x00\xf3\xdb\x8e\x61\x25\x95\x4d\x61\xc5\x60\x4e\x0d\x80\x9e"
	"\xe5\x4b\x4b\xe1\x45\x4b\xeb\xc2\xa4\xd0\x07\x88\x21\xae\x36\x1c"
	"\xf4\xd3\x59\x23\xc5\xae\xda\xdc\xa2\x97\xc3\x6c\x5d\x39\x55\x08"
	"\xf5\x35\x0b\x1a\x56\xd3\x07\xc1\x21\xfd\x0b\x84\xfa\xba\xc5\xe2"
	"\x35\x31\x04\x7d\xf1\xcc\x8f\xc2\x08\x6d\xb9\xa6\xc7\xa1\x9d\xde"
	"\x5a\xe8\x3c\x4b\xa2\xd8\x46\x06\xe7\xb0\x28\x9d\x61\xaf\x33\x9a"
	"\x28\xb0\x3b\x1b\x45\xac\x19\x6b\x57\x28\xb5\xd4\x57\xa6\x01\x4a"
	"\x17\x4c\x44\xd1\x3a\xb2\xd1\xe3\xd0\xb3\x91\xd7\x31\xbe\xc8\x8f"
	"\x88\xcd\xe1\x40\x9b\x3d\x9d\xde\xb6\x88\xbf\xfe\x78\x7f\xfd\xfe"
	"\xf0\x6f\x88\x08\xdd\xcf\xe6\xc3\xdf\xbe\xab\x69\xfe\xf6\xd7\xc3"
	"\xeb\xf7\x7f\xbf\x7e\xfa\xf4\xfa\xe9\xe1\x5f\x03\xea\x1f\x8a\xa1"
	"\xfb\xa8\xbe\xea\xbf\xcf\x27\x7c\xf0\x70\x8a\xd6\x4f\xc1\x9d\x87"
	"\xf5\x23\xce\x72\xc1\x76\xa5\x8e\x46\x6f\x8d\xb6\x32\xc7\x22\xa6"
	"\x7a\x00\xcb\x79\x7e\xc4\x27\xc3\xda\x9a\xb2\xe2\x24\x63\x8f\x28"
	"\xbd\xc2\x75\x33\xf5\x32\xa1\xc4\xdd\x8b\xe6\x31\x6c\x2d\x73\xcd"
	"\x25\xe2\xf0\x1b\xc8\x83\x37\x12\x3c\x7f\xcf\x30\xdd\xc7\x80\xfc"
	"\xad\x0e\xd7\x1f\x8a\x15\x57\x98\x7f\xf5\x9f\xf4\xcb\xa7\x97\x9f"
	"\xef\xf8\xa7\x9c\xb1\x0a\x34\xe4\x0e\x01\xde\x98\x21\xfc\xb2\x92"
	"\x2a\xb1\xc7\x35\xdd\xdd\x6a\x53\xc9\xed\xe1\xf9\xb9\xab\x04\xdb"
	"\xe2\x3d\x23\x70\xfa\x1d\xf1\x61\x93\xac\x3c\xcf\xf5\xe3\x74\xa3"
	"\xab\xf7\x2f\xfd\xc1\x33\x74\x6c\xb4\xa2\xe7\x9d\x12\xf2\xb0\xc1"
	"\x87\xbe\x50\xe2\xbf\x65\xed\x41\x04\x0c\x3c\xde\xec\x15\x02\x5b"
	"\xac\x03\x82\xc5\x4f\x67\xa1\xe9\x7a\x50\xd4\x13\x83\x1f\xb8\x82"
	"\xc7\x58\x10\x7d\x3d\x4f\x84\x9c\x1a\xea\xeb\x54\x93\x70\x57\xb3"
	"\x07\xfe\xf2\x07\x2c\x02\x7a\xdb\xda\x33\x83\xac\x07\x91\xdb\x34"
	"\x4f\x6f\xe6\x77\x81\xdc\xf6\x01\xde\x7a\x17\x76\x28\xcc\xe6\x24"
	"\x08\xe8\xb6\xfd\xa4\xef\xf8\x65\x07\x40\x21\xe8\xf7\x0d\x44\xe0"
	"\xf3\xd1\x30\x9c\x8a\x5e\xf5\xeb\x0c\xa5\x2b\xf9\x33\x08\x70\x6a"
	"\x4b\x30\x83\x2b\x20\x5f\xdc\x85\xa0\x00\x25\x87\xa5\xea\x28\xf0"
	"\xf0\x1a\xac\xdf\x3f\x00\x5a\xb0\xe7\xc4\xa9\x77\xbb\xc3\x84\xfc"
	"\x7c\x2e\x9f\x78\xdd\xed\x9e\x66\x43\x74\x5d\x2d\xf5\xaf\xb7\xf7"
	"\xb7\x8f\x6f\xdf\x86\x65\x33\xbe\xd3\xaa\xf5\xfc\xcf\x8c\x41\x20"
	"\x15\xc2\x85\x43\xf4\xf3\xbb\xc0\xbc\xd3\x8e\x15\x79\x1c\xb4\x1e"
	"\x3e\x34\xf3\x8f\xf3\x4a\x9b\xfa\xb1\xdc\x0b\x66\xf4\x61\x32\xb9"
	"\x9f\x51\x3f\xef\x3f\xa1\x9e\xe1\xa9\xc5\xc3\xc7\x6f\x5f\xfb\x08"
	"\xb0\xf7\x1c\x2c\x64\xa4\x05\x03\x17\xc5\x8f\x5a\x62\x32\xdb\xcd"
	"\xde\x50\xfa\xc2\xc5\x05\x9a\xaf\xd8\x6b\x4b\x3e\xbf\xfe\x78\xfd"
	"\xf5\xf2\xfe\xf6\xeb\x9e\x31\x93\xb5\x6a\xe7\xdb\xc7\xff\xbf\xe7"
	"\xf4\x15\xa9\xf3\xa3\x34\x55\xa5\x57\x5a\x59\x78\x6c\xb9\xd5\xfb"
	"\xac\x7a\x00\xbb\xa0\x32\x97\xa7\xaa\xd1\xce\x6f\xb4\xf4\x27\x24"
	"\xe1\x35\x84\xd1\x19\x99\x70\xbd\x7c\xfa\xf4\x15\x0c\xbb\xd4\xc1"
	"\xa1\x6b\xfb\xe3\x9f\xa3\x7a\x7a\x2e\x75\x7a\x89\x04\xbb\x9b\x8d"
	"\x7d\x1d\x68\xc0\xa9\x59\xe9\x9c\xd6\x41\x28\xbc\xd4\x0a\x12\xaa"
	"\xb5\x88\xac\x74\x85\xb4\x7e\xe4\x99\x6c\x30\x61\xcc\x27\xde\xbb"
	"\x86\x04\x25\xad\x09\x09\xc1\x77\xd4\xa9\xc6\x15\xa3\x1c\xf9\xc1"
	"\x05\x51\x6d\xef\x6c\x64\xfa\x0e\xcf\xe7\x6f\x54\x62\x1f\xe5\xf1"
	"\x2a\x28\xbd\x7e\x7f\xfb\xf5\xd7\xc3\xf7\x97\x9f\x3f\x15\x73\xa5"
	"\xb3\x19\x0e\x2a\x9d\x2f\x59\xb5\xbd\x0f\x34\xf3\x7d\x66\x7d\xbd"
	"\x96\xc5\xe9\xd9\x89\xd4\x1b\x9c\xbc\x95\xf0\x0f\x76\xe9\xa6\x21"
	"\xe0\xb5\xbf\x61\x8e\x30\x78\x3d\xb2\x41\xb7\x5d\x4d\xdf\x17\xa7"
	"\x0c\xa7\xf2\x4d\x1a\x0b\x44\x85\xa1\x07\xa8\x95\x7c\xa8\x71\xba"
	"\xda\x96\x11\x75\xb4\xcb\x24\x50\xe4\x25\x55\xd3\x5b\xe8\xa8\x85"
	"\x6c\xe6\xa9\x80\x89\xd6\xbd\x7e\xfd\xfd\x53\x7d\x50\xa6\x59\xb4"
	"\x19\x92\x0d\x80\xd2\xd2\x2d\x6d\x9a\xe4\x79\x0e\x40\x60\x19\x38"
	"\x2d\xb4\x86\x56\x00\x3c\x1f\x5a\x00\xb2\x66\x34\x48\xfd\xfb\x4b"
	"\x5e\xbe\xcd\xee\xbb\x3f\x48\x8d\xcc\x35\x30\x1b\x89\x99\x1f\x0f"
	"\xad\x62\x9d\x0e\x19\x80\x58\x93\x5d\x40\x79\x8f\x42\xc2\x97\xf7"
	"\xef\x95\x19\x0d\x03\xbf\x35\x1e\x67\x8e\x46\xaa\x6f\xd0\x8f\x57"
	"\xd6\xd1\x87\x30\x83\xad\x6b\x02\x2d\x2b\x93\xd3\x30\x4c\x53\xcb"
	"\x0c\xd7\x4c\x54\x48\xc0\xcf\x7e\x6d\x36\xc4\x5f\x79\xe1\xbd\xf9"
	"\xa7\x62\x94\xf1\xee\x9d\xcc\x4d\xea\x5f\x1e\xc9\xd1\x74\x67\xd9"
	"\xd3\xb4\xd1\xe6\xe4\x28\xbd\x25\xf7\xee\x39\xe4\xc6\x52\x74\x8f"
	"\x43\xb7\x8a\x39\x08\xfe\x2b\xb1\x3b\xd9\x31\xb8\x90\x34\x58\x47"
	"\x81\x13\xb7\xb4\xbc\xbb\x0d\xc1\x80\xe9\x37\x15\x6c\x2c\x7a\x6a"
	"\x9f\x54\x6d\xb7\x58\x4c\x12\xc0\x34\xb9\x8e\x07\xcc\xab\x0c\xaf"
	"\x52\x1c\xea\xba\x38\xdf\x57\xd6\xa7\x5b\x5c\xde\xd4\xe0\x60\x11"
	"\xa0\xe6\x25\x34\x6c\xf0\x24\xa3\xdd\x86\x48\x75\x9e\x9c\x11\x77"
	"\x74\x42\x5a\x8a\x81\x0b\x42\x70\x72\x09\xdb\x1d\xb6\x11\x0f\xc5"
	"\x77\x99\x08\x12\x64\xc1\x4f\x20\x0b\x4a\x09\xac\x90\x22\xdf\x55"
	"\x4a\xa0\x0c\xad\x20\xb1\x11\xd6\x1e\x61\xf4\x4b\x0c\x44\x8c\x7e"
	"\x29\x7f\xf3\x14\xa0\x21\x87\x2f\x18\xd0\x1b\x4e\xbc\x95\xb7\x04"
	"\x14\x58\x5b\xcb\x44\x0d\x20\x2b\x46\x15\x94\xae\xbd\xd0\x8a\x29"
	"\xea\x34\x41\xf4\xb1\x2f\x10\xf4\x1b\xbe\xd5\xa3\x47\xc8\x5e\x8f"
	"\xa4\x61\x1c\xf9\x56\x4c\x96\xcb\x9c\x4a\xed\x67\xa6\xf5\x57\x31"
	"\x72\xfb\x77\x41\xab\xf1\x5e\xf9\x51\xeb\xc6\x60\x8e\x16\x46\x98"
	"\x20\x4a\x9c\x98\x04\xb9\xec\x1c\x61\xa2\xd4\x51\x97\xe0\x9b\x70"
	"\x95\x58\x67\x7f\x47\x0e\xbb\xbc\xdf\xe5\x56\xf6\xe1\x6a\xe4\x7a"
	"\x15\x45\x77\xc7\xc1\xd3\x9f\x2f\xdf\x3e\xbe\x7d\xff\xfe\x20\x5f"
	"\x3f\x7e\xf9\xf1\xf6\xed\xed\xf3\xd7\xd7\x3f\xfe\xe7\x81\xfd\xf8"
	"\xf8\x4f\xfd\x06\xfe\x59\x09\xfe\x20\x14\x6c\xff\x7c\xfd\xf6\xb0"
	"\x7b\xf9\xf3\xf3\xab\xf1\xbd\x96\x6f\xfc\x30\x6d\x2f\x95\x21\x2e"
	"\x2f\x15\x66\xed\x0d\x98\xae\x3e\x28\x81\xb2\x16\x67\x1c\x1b\xf9"
	"\xbd\xee\xb3\xab\xcc\x28\xea\x85\x40\x2b\x72\x5f\xc4\xbe\xef\x9b"
	"\xde\xbf\xfa\x76\xa5\x97\xdc\x13\x67\x54\xea\x23\x5d\x05\x71\xb7"
	"\xdd\xa1\xca\x83\x5a\x31\x47\x47\x6e\x63\xd7\x16\x18\x2a\xd1\x30"
	"\x55\xd3\xf5\x23\x18\x2b\x9c\xec\x4f\x7c\x16\xae\x06\x12\x2e\x17"
	"\x4b\xb3\x7b\x81\xfe\x1d\xfd\xe5\x5d\x49\x07\xe6\xd7\xf7\x52\x54"
	"\x8d\x00\x9d\xc4\x10\x31\x11\x18\x41\x56\x4b\x20\xa9\x03\xc2\xc1"
	"\x12\x6a\x01\x26\x5a\x80\x89\x17\x60\xd6\x6e\x4c\xe8\x6c\xcf\x3a"
	"\x58\x79\x0e\x8c\x54\x23\xe8\xc6\xac\x16\x61\x7c\x37\x26\x0e\xdc"
	"\x98\x64\x41\x5d\x89\x63\x9c\x05\x4d\x62\xd7\x7c\x69\xf5\x29\x3b"
	"\x44\xb6\xb5\xbd\x90\x4c\xc4\x81\xe7\x40\xf8\xae\x96\xb0\xe8\x11"
	"\xf4\x3b\xac\x98\x6d\xe2\xa7\x5e\xb4\x75\x62\xd2\x60\xbb\x73\x80"
	"\xa2\x30\x89\x84\x15\xb3\x2b\x22\x3f\x45\x34\x6c\x46\x98\xc0\x73"
	"\x61\x92\xd8\x23\x2e\x84\x7d\x45\xf4\xc2\x3a\x62\xf9\x74\x01\xed"
	"\xd9\x3e\xf6\x43\xfb\x3c\x30\x90\xc3\x4f\x98\xb3\xb7\x2b\x4a\xa6"
	"\x89\x15\xf0\x81\xae\xec\x0d\x56\x7c\x62\xe3\x07\x8e\x45\xa1\x24"
	"\xea\x9c\x60\x51\x8c\x2e\x18\x7d\xde\x45\x6e\xcc\xda\x73\x61\x14"
	"\x53\xe0\x3b\x31\x81\x1f\xb9\x31\x41\xe0\xc6\xac\x16\x94\x13\x7b"
	"\x0b\x30\xf6\x36\x6b\x83\x33\xdf\x8d\x89\xbd\x38\x72\x83\xfc\xb5"
	"\x1b\x13\xa7\x4e\xcc\x3a\x71\x41\x42\x3f\x71\x0c\xa2\x02\xc5\xae"
	"\x2d\x43\x63\xc2\xb5\x1b\xb3\x5a\x50\x57\xe4\xb9\x31\x8b\x3a\xe6"
	"\x58\x89\x9c\xd6\xa1\xeb\x14\x95\x14\x33\xfb\xb9\xed\xff\x14\x55"
	"\xd5\x1a\x56\x0f\x47\x1e\xd9\x6f\x00\xc7\x19\xa3\x00\xce\x12\x22"
	"\x17\x20\x71\x01\x52\x07\x20\x75\x35\x32\x75\x35\x32\x75\x35\x32"
	"\x75\x35\xd2\xb5\xb9\x28\x1e\xc3\x05\x70\x35\x72\x1d\x05\xe1\xca"
	"\x8d\x59\xf9\x0b\x30\xf6\xfe\xd6\x34\x4d\x42\xc7\xd6\x03\x98\x55"
	"\x60\x1f\x96\x52\xc2\x5b\x74\xde\x70\x26\x24\xaa\x05\x37\x40\xa9"
	"\x54\xfb\x46\xe8\xc4\x24\x8e\xf5\xa4\x30\x49\xea\x05\x4e\xcc\xda"
	"\xb3\x0f\x65\x59\xeb\xb8\x16\x8e\x21\xd8\xa6\xd1\x1a\xb9\x24\xe3"
	"\xd8\xf3\xed\x35\xf7\x89\x3b\x0f\x6c\xb1\x97\x8e\xd3\x46\x21\x1c"
	"\x3b\x85\x42\x84\xbf\x5d\x08\xea\x28\xc3\xa2\x9a\x72\x65\xe0\x78"
	"\xee\x27\xa1\x7d\x41\xe4\x9c\xce\xef\x21\x4d\x98\xc0\x77\x63\xe2"
	"\x13\xe6\x45\xf2\xda\x68\x2e\xe8\x2a\xe1\xcb\x40\x8e\xcf\xb3\x87"
	"\x6d\x42\xc7\xf6\x2e\xa4\x14\x49\xe4\xaa\x91\xc7\xb1\x4b\xfc\xa1"
	"\x7e\x90\x66\xa9\x53\xda\x12\xbe\xe7\xbb\x8a\x12\x49\x1a\xa4\x6e"
	"\x4c\xe2\x90\x02\xd4\x88\xa7\x2e\xfe\xbc\x24\x81\xb7\x76\x42\x1c"
	"\x5f\x95\x82\x84\x81\xf3\xf4\x4b\xec\x9f\xaf\xdc\x73\xea\x38\xae"
	"\x25\xaf\x7d\xc7\x46\xa1\x21\xa1\x1b\x92\xba\x20\x2b\xc7\x52\x05"
	"\x88\xa3\xcb\x47\x46\xe2\x34\xb6\x4b\x09\x47\xe9\x07\x0e\x4e\xef"
	"\x28\xc1\x4b\xbd\x15\x72\x4a\xc3\x24\x09\x77\x4e\x4c\xea\x67\x4e"
	"\xcc\x7a\x09\x26\x58\x80\x09\xdd\x90\xc8\x05\x29\x92\x34\x92\x62"
	"\x01\x2a\x2e\x9d\xbd\x8f\x83\x64\xbf\x5d\x00\xca\xf7\xa6\xa0\xd1"
	"\xfa\x50\x1c\x1b\x31\x0d\x09\x6a\x03\x21\x92\x89\xa9\x6b\xb8\x0b"
	"\x2d\xe7\x79\xb3\xcb\x4b\x30\x19\x19\xde\x0b\xba\x2c\x07\xfb\x26"
	"\x2e\xfe\xd7\x9b\x83\x2f\xd7\x48\xb3\xe4\x6a\x7b\x9f\x76\x6a\x98"
	"\x76\xe5\x03\x51\xa8\x6a\x43\xbd\x59\xbe\x25\x87\xe2\x3f\xac\x5d"
	"\x5b\x6f\xe4\xb6\x92\xfe\x2b\x7e\x5a\x24\xd8\x1c\x8c\xee\x97\x05"
	"\xf2\xc0\x96\xd4\xdd\x1c\x8b\x92\x2c\x52\x6a\xd9\x2f\x0d\xc7\xd3"
	"\x93\x18\xf0\xd8\x03\x7b\x66\x37\xf9\xf7\xcb\xa2\xfa\x22\xa9\x55"
	"\xa4\x80\x73\x1e\xe2\x49\xab\x3e\x15\x6f\xc5\x62\x91\x2a\x56\xc1"
	"\x5d\xa6\x16\xb2\xd1\x54\xfb\x1d\xe5\xd9\x38\xf3\xf8\x35\x70\x4d"
	"\x68\x2d\x17\x16\xcc\x05\x67\xee\x15\xb8\x99\xd3\xc7\xa0\x5a\xfc"
	"\xca\xf1\x53\x14\xc4\xd7\x25\x98\x85\x71\x7a\x0f\xaf\xd5\x0c\x50"
	"\xdb\x4e\x00\x80\x7f\xd2\x7e\xea\xa4\x34\x83\xbb\x34\xea\xba\x63"
	"\x81\x9e\x97\xbb\xde\x87\x80\x63\x25\x69\xda\x78\x3a\xd5\xad\x9a"
	"\x81\x44\x5d\x0e\x7b\xc1\xb3\xe3\x44\x98\x79\x2d\xcd\xda\x75\x9d"
	"\xdd\xcd\xbd\x7a\x11\x39\x5d\x30\xe1\xbb\xb2\xa6\x77\x73\x05\xa8"
	"\x33\x48\x92\x54\xf4\x86\x16\xc2\xf5\xac\x0e\xdc\x44\xde\xbf\x8d"
	"\xae\x08\x0d\x13\x74\x82\x7b\xce\x5e\x64\xac\x92\xcd\x24\x35\x1b"
	"\x67\x43\xbf\x7c\x7b\xc2\x9b\x72\xaa\xaf\x80\xc9\x37\x8a\x7b\x4d"
	"\x44\xb2\x4d\xcb\x59\x2f\x38\x08\x6f\x55\x72\x4e\x27\x77\xc5\xf9"
	"\x6c\x70\xbd\x55\xc2\xc8\x2c\x1c\x08\xd7\x5f\xbd\xc1\xd7\xfd\xeb"
	"\xcf\xd7\x27\x70\x8b\xd1\x64\x6e\x63\xeb\x74\x4f\x12\x11\xc5\x9e"
	"\x8f\x04\x10\x04\x00\x77\x43\x44\xab\x9f\xc8\xc8\x4e\x59\x76\x6b"
	"\xd2\x7b\x17\x20\xe7\x2c\xea\x7d\x22\x9c\x28\xb4\x34\xf9\x99\x01"
	"\xa4\x2e\xad\xaf\xf3\xac\x9b\xdc\xcf\x98\x41\x6d\xf3\x04\x89\x99"
	"\x05\x18\x15\x93\xd1\x42\x6c\x00\x05\x48\x63\x3f\xb4\xd9\xae\xc5"
	"\x8b\xe9\x2a\xc7\xc2\xe3\xa5\x00\x04\x52\x82\xed\x33\x9c\xce\xe0"
	"\x4e\x04\xc1\x3b\x2d\x25\xb1\xe5\xe2\x75\x04\xb2\xef\xa0\x3e\x82"
	"\x03\x88\xae\x92\x0a\xe2\x6b\xc9\xc8\xa9\xdf\x99\xec\xea\xc8\x58"
	"\xf4\x00\x45\xce\x0b\x9c\xb5\xb4\xd2\x21\xf3\xaf\xb6\x7d\x27\x8c"
	"\xae\x81\x5b\x1a\x48\xb3\x46\xf5\xe8\xfc\x77\x18\x01\xee\xc1\x9c"
	"\x26\x2e\x4a\x96\xec\x27\x17\x18\x2e\xf7\x27\x2b\x49\x46\xbc\xf1"
	"\x81\x86\x79\xea\x43\xcd\x3e\x93\xe2\x61\x9f\xb0\x12\xcb\x9d\x0e"
	"\x98\x5b\xa9\x90\x90\xa2\x81\x1c\x45\x15\xc3\xd2\x3f\x5d\xe8\xbe"
	"\x9e\x1e\x58\x9d\x46\x46\x3b\xdb\xf3\x91\xe3\x91\x23\x20\x0c\x03"
	"\xcd\xd4\xee\x01\x51\x60\x00\xc4\xae\x1e\x10\x79\x5a\x40\x14\x5b"
	"\xa1\x9e\xee\xf8\x7a\x7a\x6c\x78\x3f\x8e\x70\xba\x08\x5c\xdd\xeb"
	"\x59\xb1\x76\xec\x15\x9b\x97\xbf\xec\x41\x5d\xd8\xa9\x70\x35\xa2"
	"\xa5\xb6\xb4\xca\x6a\x75\x43\x0a\x85\xd4\x99\x68\x50\x62\x95\xac"
	"\x7d\x39\x85\xdd\xb9\x5b\x62\x92\xac\x9c\xe7\xd9\x38\x27\xb7\xe2"
	"\x79\xed\xab\x34\xa6\x0b\xdf\x72\xf1\x11\xab\x13\x5f\xf8\x91\x86"
	"\x7e\x1b\x59\x78\x7f\xd7\x85\x2f\x02\x1b\xa7\x43\xcc\x14\xed\x4a"
	"\xc2\xa9\x17\x06\x9d\x01\xc3\x7c\x0b\x5f\xf0\xf8\xed\x7d\x24\x27"
	"\x86\xa3\x79\x1d\xf1\xa6\x25\xab\xce\xb7\x0c\x2b\x1d\x97\x7b\xb1"
	"\x0c\x19\x91\x6b\x67\x1e\x78\x2a\xa8\xdc\x1d\xbb\xae\xdf\x41\x28"
	"\x2b\xa2\x59\xfa\xf2\xca\x8d\x35\x53\x09\xfc\x29\x22\xbc\x67\x65"
	"\x31\x39\xd3\x08\x13\xc9\x19\x92\x4b\x07\x82\x3f\xd9\x16\xe2\xef"
	"\xd0\x47\x86\xc2\x22\x37\xea\xc2\x46\xa9\x4a\x29\x80\x46\xc3\xf4"
	"\x80\xd8\xd2\x03\x1c\x3b\xd4\xb6\x5b\xf6\x8c\x66\x35\x3e\x22\xfc"
	"\xc0\x37\x95\x12\xe9\x01\x51\x60\x68\x69\x6c\x5b\x26\x80\x7e\xc9"
	"\x3f\x83\x74\x4b\xab\x04\xc9\x85\x05\xd9\xa5\x8b\x5d\xee\x59\xae"
	"\x46\x88\x25\x00\xf2\xd5\xeb\xa5\x1c\x92\xbe\x84\xae\x1e\x93\x33"
	"\xd7\xd7\xe8\x11\x91\xb8\x7e\x14\xe3\x1d\xd6\x76\x91\xc6\xb8\x21"
	"\x2a\xdc\x07\xd1\x76\xd6\x09\xa3\xeb\xab\x1d\x8b\x3c\xcd\x22\x2c"
	"\xc9\xae\xad\x37\x52\x8e\x10\x43\x21\xae\x6f\x99\xb8\xc4\xb1\x87"
	"\xab\x4d\x15\x07\x2d\x0d\xed\xf9\x5c\x9c\xe7\xf0\x3f\xa3\xd4\x40"
	"\xe7\x98\x40\xd8\x45\x9e\x0b\xa2\xcf\x22\xdc\x96\xb9\x20\x9b\x6c"
	"\x9e\x09\x5c\xc9\x6e\xfa\xeb\xe9\xbc\xc1\x2e\x25\x5c\xe0\xb0\x71"
	"\x55\xfb\xd6\xd9\x17\xae\xe0\x55\x5d\x76\xf7\x67\xe8\x7c\x0d\xa4"
	"\xc5\xb3\xc1\xa6\xd8\x05\x05\xfb\xa1\x08\x99\xca\x03\x54\xea\xbb"
	"\x88\x59\x30\x00\x15\xf2\x9f\xca\x00\x92\x86\x32\x96\x2a\x6f\x02"
	"\xb2\x0d\xa0\x35\x29\x7c\xd7\xf7\x4d\x55\x47\x9d\xe2\x2e\x10\xca"
	"\xf3\xd8\xb5\x7c\x33\x2a\x70\x42\x9b\x18\x60\xb0\xec\x84\xf6\x12"
	"\x90\x63\x04\x45\xa1\xd3\x2d\x00\x19\xfb\x20\xef\xb5\xc7\x02\x54"
	"\x10\x06\x06\x14\xd8\xc9\x7e\xb4\x00\x15\x05\x5e\xbc\x04\x15\x58"
	"\x0b\x50\x98\x23\xf1\x04\x85\x7c\x1f\x1d\xa0\xa4\x01\x6b\x94\xac"
	"\x6a\xdd\x3c\x64\x58\xfc\x91\x01\xac\x8d\x22\x2b\x58\x84\x8a\x16"
	"\xa1\x62\x23\x6a\xc7\xb4\x6a\xe1\x7c\xbc\x73\x39\xfd\x1a\x10\x95"
	"\xbb\x1c\x2b\xf3\x2c\x9d\x57\x18\x0a\x90\x93\x15\x5d\xad\xf4\xa5"
	"\x28\x5c\x92\xae\x34\x6c\xa0\x94\x95\xa1\x35\x5c\x1a\x96\x56\x60"
	"\x9a\x4f\x72\x79\xf6\x6d\x2c\x5f\xed\x08\x16\x38\xae\x71\x34\x7a"
	"\x03\xc9\x71\x17\xc1\xc2\x6e\x09\xcc\x5e\x54\x37\xdf\xf1\x4c\xdc"
	"\x5a\xf4\x86\xd6\x40\x7e\x33\x26\x55\x76\x62\x40\x25\x55\x6d\x46"
	"\xb8\x66\x88\x07\xe1\x8e\xf9\x3e\x4f\x4b\x33\x76\xbb\xbf\x5d\x71"
	"\xae\x15\x9c\x3a\x5b\x6f\xb2\x62\x5e\x6a\x54\x08\x9d\x75\xb7\xa0"
	"\x2c\x5e\xe9\x27\x01\xdc\x27\x9e\x2f\x43\x9d\x20\x98\x56\x31\x9e"
	"\x6f\x7c\xdb\x32\x4e\x7e\x80\xad\x98\x27\x15\xa6\xa5\xad\xcd\x2e"
	"\x77\xa4\x22\x4c\x46\xf1\x47\x12\x2c\x1a\x9c\x4a\x90\xa9\xee\x0f"
	"\x94\xb5\x18\x45\xf2\xf8\x76\xf8\xf2\xfc\x78\xf3\xf4\xf6\x3e\x93"
	"\xfc\xac\x7f\x2b\x21\x0c\xe2\xfb\x5c\x5e\xbe\x58\x44\x8a\xde\x27"
	"\x23\xd9\x8b\xf6\x04\x41\xcb\x87\x40\x3a\x02\x8e\x77\x5b\x9c\x5b"
	"\x4d\xe0\x8e\xcf\x0c\xa7\x09\x8e\xa7\xf5\x02\x54\x92\x25\xc6\x5a"
	"\x5d\xa2\xb5\x5c\xd7\xe6\x42\xdb\xa7\xed\x9c\xf2\x6a\x69\x9a\x41"
	"\xb4\xcb\x41\xbc\x94\xfe\x51\xeb\xe5\x0e\x64\xca\x86\xb8\x40\xa4"
	"\xa2\x73\xe4\xe9\x33\x92\xb6\xbd\x89\x38\x25\xf4\x56\x21\xa3\x85"
	"\x4a\x2e\x5a\x6c\xb2\xc1\xd7\x1d\x59\xad\xab\x14\x84\xf0\x8c\xb1"
	"\xd9\xc8\x83\x40\x1a\xa5\x8a\x57\x58\xd2\xf5\xee\xce\xd2\x54\xfc"
	"\xdd\x0e\xc6\x8c\x20\x20\x3f\x1c\xa5\xaa\xe2\xe7\x37\xa6\x0a\xa6"
	"\x82\x99\xf0\x2c\x81\xcf\x0c\xfb\xbc\x84\xd9\x8d\xa4\xa8\x01\x78"
	"\x03\x01\x63\x67\x2f\xe5\x32\x25\x90\x57\x1f\x18\xfa\xf1\x50\x59"
	"\xad\xc7\x52\xbc\x3b\xfc\xf1\xf4\xf8\xed\x3a\xa2\x9b\xca\x6e\xad"
	"\xba\x4f\x05\xf8\x1b\x67\x16\x1f\x10\x26\xa9\xed\x06\xa0\x0d\xaf"
	"\x12\x32\x9c\x5f\xf0\x90\xf9\xd8\x8d\x6d\x55\x37\xd1\x5a\x81\x26"
	"\x03\xfc\x26\x8f\x02\x3c\xdd\xb6\x2a\x70\xbf\xca\x8a\x3b\x03\x44"
	"\x85\xa6\x32\x61\x2a\x4a\x6c\x03\x26\x15\x09\xc7\xce\x98\x2e\xa8"
	"\x4c\x94\x8c\x1b\x30\x6b\x5a\x64\x15\x35\xd5\xe9\x73\x06\x97\x2b"
	"\x3f\x9b\x50\x39\x04\x1c\x5f\x25\xa9\x01\x77\x2b\xcb\x4c\x84\x09"
	"\x54\x16\x34\x21\x06\x10\x23\xb5\xa9\x81\xac\x8e\xc1\x75\xdc\xc4"
	"\xa9\xd8\x45\x96\xa9\x17\xca\xd6\x47\xdc\x2f\x47\x18\xc4\x49\x6c"
	"\x82\xd9\x9b\x38\xc9\xbd\x9f\x83\x1c\xec\x8e\x40\xa1\xab\x91\xeb"
	"\x01\xca\x36\x09\x15\xcf\x30\x37\x89\x01\xa6\x88\x65\xad\x10\x7f"
	"\x96\x29\xcc\xd4\x9f\x5c\x0e\x71\xb7\x5a\x02\x32\x49\x1e\xfc\xf1"
	"\x2d\x6b\x11\xca\x5e\x84\xf2\x17\xa1\x82\x45\xa8\x68\x09\x2a\x58"
	"\x52\x2f\xdb\x37\x77\xfd\x5d\x6c\xae\x3c\x60\x12\x33\xc8\x35\x0f"
	"\xa1\xb8\xb5\x6c\xcf\x0c\xb2\x6d\xd7\x58\x29\x50\xc1\x91\x71\x0c"
	"\x9b\xa2\xca\x1b\xd3\xa4\x17\x81\x6d\x52\x8e\xa2\xc4\xb2\xd5\x0c"
	"\x31\x0d\xa4\x7a\x32\xa1\xda\xc8\x77\x4d\x53\xb0\x4d\x2c\xec\x0a"
	"\xf8\x00\x24\x35\x1e\x33\x60\x3a\x5a\xab\x6c\xa2\x09\x35\x69\xd0"
	"\x87\xc4\xd5\xac\x68\xd5\x0e\x8b\x61\xa8\x56\x58\xb9\x08\xe1\x4d"
	"\x7a\xa8\xdd\xc0\xd3\xf0\x96\x03\xbe\xcb\x56\xba\xb6\x70\xc7\x41"
	"\xce\x28\xfa\xf2\x25\x46\xb4\xd7\x2e\x0d\xaf\x8f\x2f\x6f\x7f\x7e"
	"\xfa\xf2\xfc\xe7\xf3\x8f\xc7\x97\x1b\x89\x80\x0b\xd4\x33\xc1\x08"
	"\x8f\x76\x59\x63\x61\xae\x77\xc7\x56\x76\x8e\x3b\x49\x60\x79\x8c"
	"\x2d\x68\x2a\x40\x99\x42\x60\x8f\x38\xa8\xa5\x24\x04\x00\x56\x4d"
	"\xba\x41\x32\x0d\x5c\x40\x29\xf2\xa5\x9c\x33\x95\x6b\x10\xe2\x57"
	"\xa3\x1c\x56\x4e\xe2\x1c\x1d\x03\xaa\x69\xe0\xa5\x11\x90\xf0\x89"
	"\xbb\xdd\xc0\x0a\xfb\x0d\x9a\xfa\xcb\xe3\xa8\x7b\x7f\xd5\x77\x6e"
	"\xc6\x1c\x2c\x38\x40\x6f\xf2\x41\x74\x00\xdc\x84\x97\x76\xf4\x39"
	"\x60\xc5\x31\x6e\xe4\xc8\x71\xe4\x38\x40\x64\x9d\xed\x93\x84\x6a"
	"\x45\x55\x13\x8c\xa8\x47\x60\xb1\x07\x21\x2a\x79\xbf\x49\xd2\xbc"
	"\x8c\x84\x95\xd0\x5d\xd5\x4c\x0f\xdf\x7e\xfe\x7d\xf2\x3a\x79\x7a"
	"\x7b\xfd\xfa\xfc\xe7\xc5\xbc\x1d\xec\x32\xd4\xff\xae\x9a\xb5\x73"
	"\xb5\x11\x80\xde\x91\x1b\x7b\x07\x36\xf7\xc7\xce\x99\xaf\xa2\xc4"
	"\xa9\x5b\xdf\x3a\x10\x0c\xfe\xb4\xab\xff\x03\xed\xf9\x77\x5e\x3b"
	"\xc6\xed\x3c\x7c\xb9\x61\x2c\xf9\xc4\xc1\x0b\xe0\x18\xe8\x6c\x7c"
	"\x7f\x52\xca\x3f\x10\xa7\x13\xe0\x1c\x6a\x13\x68\x59\x5e\x8c\x8c"
	"\xfd\xfe\x29\xad\x29\x72\x67\xbc\xcf\xdd\x2a\x0d\xdf\x9a\xed\xe6"
	"\x1d\xd1\xae\xc6\xe5\xea\xf9\xcc\x2e\x50\x3d\x97\xe3\x55\x0e\x5d"
	"\xf8\x06\x6f\xb0\x53\x16\xfa\xc1\x66\xe9\xf1\xf5\xe9\xf9\xe5\xe5"
	"\xf1\xfd\x9f\x4b\x6c\xbf\x1f\x3f\x5f\xe5\xbf\xbf\xc9\xea\xbc\x7e"
	"\xbc\xc1\xff\x3c\x3b\x4f\xf2\xd7\xf7\xe7\xdf\x6e\xbe\xbe\xbf\xbd"
	"\xfe\x38\xbc\x7e\xf9\xf8\x75\xba\xbb\x82\xed\x6a\xdd\xaa\x40\x92"
	"\x3c\xcb\xa5\x6d\x3d\xc8\xf4\xda\x6f\xf5\x85\x20\x2a\xff\x6b\xaf"
	"\x46\x7f\x7e\x79\x7e\x93\x03\xf3\xf4\xf6\x45\x95\xf5\xfd\xfd\x4d"
	"\x4e\x71\x28\x4e\xdd\x2e\xfe\xf6\xfc\xf7\x20\x4c\x48\x9d\xf2\x33"
	"\xf4\xf4\xac\x7d\xfe\x72\x78\x43\x9e\x02\x87\xc7\x51\x01\x63\xfa"
	"\xe1\x75\xfc\x34\x79\xfc\x76\x78\x7f\x3c\xb6\x77\xa0\x6e\x14\x71"
	"\xfd\xf2\xf8\xf1\xd7\xf4\x61\xcf\xe7\xf9\x9b\xac\xf6\xff\x1e\xbe"
	"\x1d\x5e\x7f\xdc\x40\xd0\xc3\x33\x59\xb5\xee\x53\x0f\x92\xa2\xf9"
	"\xfd\x5d\x36\x0d\xbc\xc0\x46\x20\x9e\xd6\x37\xaa\xab\xc7\x8f\xd9"
	"\xf3\xc7\xd3\x41\x8e\xc8\xeb\xe1\x0d\xc2\x69\x1e\x5e\xbe\x4f\x11"
	"\xbc\x1f\x97\x9b\x9f\x1f\x52\x78\x25\xd7\x8f\xb7\xa7\xfd\x53\xdf"
	"\x84\x7e\x0c\xcf\xac\xd4\x08\xc3\x57\x2d\x32\x23\xd9\x49\x97\x3a"
	"\x51\x64\xf5\xd1\xd2\x66\x85\xbb\x1f\x38\xd1\x14\xea\x78\xe3\xfa"
	"\x21\xc4\x20\xac\xf2\x6c\x9e\x26\x52\x12\x39\xb1\xa5\x21\x86\x1d"
	"\x4a\xb4\x25\xd5\x46\xa9\x71\x14\x85\xf3\x44\x26\xa4\xc9\x8f\xb0"
	"\xed\xd4\xae\x01\xa3\x41\x9e\x35\x8c\xe6\xa1\x34\x96\x78\x1e\x8f"
	"\x2c\x77\x74\x2c\xf6\xf1\x43\x0a\xe0\xe3\xfb\x97\x9b\x5f\x3e\x1e"
	"\x7f\xc8\xa1\x7c\xfe\x71\xf8\xf5\x32\x73\xce\x83\x33\x86\x3e\xa9"
	"\xa8\x5b\xff\x7d\x23\x47\x49\x4a\xcb\x0f\x88\x86\x3e\xf3\x92\xd4"
	"\xa3\xff\xe2\x7a\xbe\x00\x11\x72\x12\x1b\xf9\x24\xc7\x42\x67\xc8"
	"\x04\xf2\xb9\xfd\x52\x48\xf5\xf8\xd7\x0d\x91\x82\xf5\xfc\xf4\xf8"
	"\xfa\xe9\xf6\xed\xfd\xf0\xf8\x2a\xb5\xec\x99\xf1\xa7\x44\x55\x3a"
	"\x15\xed\x0c\x0f\xca\xd3\x05\x15\x51\xa8\x71\x8b\xfe\x6b\xe1\xab"
	"\x27\x0b\x69\x80\x92\xb3\xe1\xe5\x9f\x7e\x52\x7d\x7c\xaa\xf2\xfc"
	"\x3c\x63\xa4\x71\x73\x8c\x49\x7b\x9a\xc9\x37\x5f\xe5\x54\x57\xdd"
	"\x79\xd6\x02\x72\x0d\x91\xb3\x89\xca\x52\xde\xbf\x3e\xca\xf5\xe2"
	"\x97\xac\xf0\x2d\xc7\xb1\x7f\x9d\x8f\x67\xab\x5e\x12\x6f\x6f\x2f"
	"\x1f\x10\x08\x4d\xb2\x3d\xbc\xbc\x7d\xbf\x79\x3d\xfc\xdf\x75\x55"
	"\x37\xef\x8f\xdf\xff\x7a\x7e\xfa\xb8\x3e\x26\x6d\x37\x04\x22\x1d"
	"\x0f\xd4\x75\xff\x40\x9d\xab\x6d\xaa\x46\x9d\xa9\x9d\x16\x51\xe5"
	"\x16\x7b\xf9\x01\x89\xfc\xe4\xd4\xe5\xa3\xb0\x76\xf0\x3c\xad\xa4"
	"\x1e\xee\x4e\xd1\x98\xe7\x17\x64\x80\xa9\x78\x02\x48\x10\xc0\x0b"
	"\x40\xaa\xf3\xf5\x34\x22\xdf\x00\x74\x2b\x17\xc8\x3e\x8a\xf0\xb4"
	"\x1a\x6b\x75\x80\xa9\xf7\x1f\x06\x1c\x44\xa7\xde\xcb\x49\x95\xce"
	"\x2e\x88\xd3\x96\x25\x63\x43\xf5\x1c\x60\xeb\xa8\xd4\x6f\xe4\xb0"
	"\x4e\x94\xe6\x88\x43\x1f\xa6\x3a\xb4\x90\x7d\xf3\x09\xc2\x69\x8e"
	"\x45\x74\x3a\x41\x8a\xae\x52\xca\x28\x8e\xba\x65\x38\xc4\x15\x13"
	"\x70\xdb\x34\x47\x8e\xac\xd4\x38\x93\x9c\x9e\x32\x99\xa0\x20\x69"
	"\x73\x64\x9a\x4e\x26\x2c\x95\xe2\x34\xe7\xa1\x7d\xf3\x4b\xbf\x18"
	"\x27\x6f\xd5\x69\x11\xfe\x15\xc2\x7c\x4a\x5b\xe9\xe7\xfb\x23\x78"
	"\x2f\x9f\xd5\x02\x4b\x6f\xf2\xe7\x3f\xde\xc1\x5a\x78\x7f\xfb\xf9"
	"\xe3\xf9\xf5\x70\xd5\xbf\x45\xd9\xb4\x19\x69\xd0\x7a\xb4\x9b\x0c"
	"\x17\xb8\xf6\x16\x39\x2c\x04\x62\x93\xe6\x78\xeb\x90\x80\x91\xaa"
	"\xf7\x36\x64\xe3\x58\x78\xdf\x27\xb4\xae\x1b\xbe\xbf\xcb\x18\x5e"
	"\xeb\x3a\x21\xf5\x3e\xdd\xc9\x71\x42\xc2\x7e\x9c\x41\x79\x9b\xe2"
	"\x4d\xb8\xeb\xf0\x26\xac\xca\x64\x8b\xbf\x79\x0c\xeb\x3f\x19\xc2"
	"\x01\x40\xa5\x3e\x3b\x2d\x43\xe9\xf3\xc7\xf7\x97\xc7\x7f\x6e\x2a"
	"\x69\x45\xbc\x5c\x0d\x51\x9f\x25\x0d\xd2\x5e\x80\x19\x2e\xe7\x66"
	"\x8e\x4f\xb8\x1e\xab\x6d\x54\x0f\xe9\x4d\x01\x03\x88\x42\xe6\x8b"
	"\x5b\xf9\x4f\xec\x22\xee\xea\x33\x58\x2a\x97\x7b\x3b\x31\xa1\x8b"
	"\xa2\xcc\x21\x22\xba\x15\xc6\x0f\xc8\x99\xed\x05\xfd\x39\xa5\xfb"
	"\x5c\x58\xa1\xc5\x32\x0b\x4d\xb0\x3a\x68\x1b\x61\xbc\x29\x20\x29"
	"\x4a\x8c\x45\x5f\x1a\xf4\x95\xc4\x6d\x3c\x1f\xf9\xe8\x7f\xc1\x95"
	"\x72\x77\x00\x11\x8b\xb6\xfb\x52\xc0\x27\xc0\xd8\x54\x69\xf9\x97"
	"\xc0\x49\x64\xb2\x6f\xdb\xce\xb6\xd6\x96\xeb\x15\xc6\xaa\xd7\x84"
	"\x57\xab\xac\xae\xef\x21\x72\xea\x25\xaf\x9d\xf1\xad\xfb\x94\x36"
	"\x52\xa2\x59\x10\x39\x8b\xbb\x87\x07\x99\xbb\x25\xce\x72\x74\xe0"
	"\x7e\xb6\x3a\xcb\x5d\xfe\x42\x44\x88\xb1\x32\x19\xbd\x2d\xf7\x9e"
	"\xbb\x6b\xd7\xf6\xc6\x84\x95\x0b\x64\xb5\xcf\xef\x6c\xcb\xae\x6d"
	"\xde\x21\xc7\xb2\x57\x78\x6e\x79\xae\xb0\xf3\xcc\x8c\xa7\xa2\x86"
	"\xa3\xe3\x3d\x17\x61\x18\xc5\x2d\x32\x75\x57\x35\x4d\x37\xd9\x78"
	"\x69\xef\x19\x9c\x29\xa3\x59\x7d\xb1\x50\x56\xef\xcf\x5f\xfe\xbc"
	"\xd6\xc1\xfd\x57\x55\x59\x2e\x29\xba\x10\x3b\x21\x51\xaa\x2f\x2d"
	"\x20\xea\x0a\xae\xd2\xd2\x86\xad\x94\x49\x92\x12\x7c\x06\x82\x76"
	"\xd0\xa6\x79\x53\x5a\x18\x32\x1d\x41\xce\x4b\xd9\x19\x69\xd5\xc1"
	"\xb5\x81\x4d\xb6\x5f\x45\xbe\xd5\xba\xfb\xf5\x0e\x7d\x0f\x56\xcf"
	"\x4a\x14\xae\x17\xe8\x46\x1e\x16\xbf\x7d\xc5\xa3\x40\xa3\x56\xe4"
	"\x92\x2e\xff\xa3\x11\xe6\x2d\xdf\x63\x68\x6c\x39\x9d\x96\x8e\xdd"
	"\xc0\x07\xba\xd8\xd2\x22\x93\x7f\x93\xc0\x95\xbd\x62\x5b\x8e\x06"
	"\x5a\xf2\x2d\x5d\x91\xde\x87\x32\x0c\x42\x1c\x28\x67\xee\xba\xc2"
	"\xc2\x0a\xf5\x06\x54\x21\x60\xba\xe6\x22\x0e\x6c\xbb\xe9\x12\xad"
	"\x3d\x42\xd2\x36\xf4\x6d\x5c\x76\x49\x9d\x54\x1b\x7c\x29\xdc\x52"
	"\x4e\xe5\x1f\xcc\x9f\xfe\x0c\xb9\xa5\x35\xc5\xf5\x0c\xeb\xf8\x7a"
	"\xa5\x69\x72\x71\x9f\xd6\xb8\x9d\x50\xe5\xb6\xa6\x01\x7d\x52\x2d"
	"\xdd\x3a\x09\xca\x37\x2b\x84\x32\x4b\xf7\x77\x0d\xad\x6f\xcf\x91"
	"\x77\xd7\xef\x72\x27\x7d\xf3\xc7\xcf\xaf\x5f\x21\xc2\xf9\xf4\xc3"
	"\xf0\x7a\xb5\x4f\x58\x0a\x21\x69\x06\x29\xf1\x56\x7d\x66\xd2\xfb"
	"\xe1\xa3\x71\x32\xb8\xde\xaa\x55\x36\xee\x6c\xad\x25\x8b\x75\x59"
	"\x67\x74\x53\xc8\x79\x24\x77\x97\x05\x86\x82\xd0\x8f\x47\x6b\x9b"
	"\x63\x18\x58\xcf\x57\x72\xf1\x14\xb4\xb8\xfe\x42\x3e\x6a\xde\x5f"
	"\xa7\x84\x1e\x33\xd7\xd2\xa0\xa5\xca\x30\xc2\x8a\xa9\x98\x83\x91"
	"\xa4\x69\x91\x60\xf6\x2c\xf0\xbd\x97\x2b\x92\x83\x2d\xbb\xf0\xbe"
	"\x9c\xaa\xb2\x13\x04\x46\xa7\x8c\x0b\x94\x58\x56\xa0\x8a\xb0\xdc"
	"\x0b\x12\xc0\xed\x54\x5d\x5b\xc2\xe8\x45\x4b\x53\x24\x51\x86\xa4"
	"\xd6\xb4\x45\x69\x34\xf4\xd0\x36\x31\x22\xd7\x02\xb4\x4c\x8d\xf1"
	"\x0e\xfd\x21\xee\x6d\xe4\x23\x42\x4f\x45\x9b\xea\xa2\x14\xd2\x62"
	"\x41\x95\x80\x4a\xd1\xde\x2b\xb2\x92\x91\x0d\x72\x1a\x2e\xe9\xb7"
	"\xf7\xc8\x27\x2d\x49\x73\xd3\x35\xda\x03\x6d\x59\xa6\x65\x69\xa3"
	"\x64\x21\xf5\x36\xda\x1a\x21\xd7\xc9\x0c\x97\x17\x52\xdf\xe2\x52"
	"\x8c\x32\x95\xd6\x3c\xc3\x32\x14\x40\x1f\x31\x9e\x34\x78\x7b\xb0"
	"\xdd\x0a\x88\xc9\x8a\xed\x37\x9d\xf0\x7c\x7c\x06\x1c\x1d\xb5\x51"
	"\x61\xca\xc0\xb0\x28\x19\x5a\x39\x88\x93\xed\xe0\x22\xbe\xaa\xe5"
	"\x96\x9b\x6f\xb3\x4c\xe0\x12\x80\x9a\xf3\x40\xe5\x72\x0a\x21\x8e"
	"\x01\xaa\x6b\x42\x1b\xb9\x9a\xc3\xa5\x4d\xb1\x22\x73\x97\x6b\x49"
	"\x72\xab\xd2\x83\x80\x13\xe7\xc0\x4f\xe7\x74\x99\x4f\x3e\x1c\x25"
	"\xdb\x1c\x9c\xb6\x03\x2d\xf7\xd6\x96\x5c\x6d\x1d\x81\x98\x93\x0a"
	"\xc3\xb8\x13\xb9\x9b\x35\xf2\x6d\x5a\x41\x44\xeb\xfa\xd6\x5d\x8b"
	"\x02\x60\x3b\xe2\x20\x06\xc2\x89\xee\x22\x06\x06\xd0\x45\x5a\x3a"
	"\x1e\x43\xc9\xed\x66\xe3\x78\xae\x43\x3c\x14\xa1\x8d\xb0\xae\xba"
	"\x0e\xec\x6a\x86\xd7\x40\xb3\x89\x01\xb2\x34\xb6\xdd\x20\x5e\x6f"
	"\x90\xf3\x91\x63\x3f\xfa\x96\x7d\xbb\xd6\x74\xf5\xb6\x8b\x5c\x24"
	"\x28\x2a\x90\xe5\x8e\x47\x6e\x00\x7d\xbd\x1c\x4c\x72\xab\x5e\xd1"
	"\x8f\xd7\xc2\x47\x17\xb1\xcf\xc4\x89\x53\xf2\x1c\x82\x45\xb1\x67"
	"\xef\x77\x79\x96\x6a\xab\x71\xb9\x9d\xbe\x9b\x38\x29\x5f\x30\x24"
	"\xad\x22\xcc\x39\x6b\x82\x0a\x4d\xa8\x9c\xb9\x81\x8b\xf8\x0a\x4d"
	"\x50\xb1\x09\x54\x45\xbe\xdf\x19\x40\xe8\x55\x84\x01\x9f\xd6\x77"
	"\xac\x30\xaf\x0c\xb0\x55\x1a\xd8\x56\x68\xea\x84\x3a\xe9\x92\xa2"
	"\x98\x4b\x0b\x98\x0e\x5d\xc4\xe5\x06\x66\x94\x40\x01\x7e\x43\x2c"
	"\x40\xc8\x68\x26\x55\xdf\xbc\x68\x5d\x30\x72\xcf\x32\x8e\x08\x7f"
	"\x0d\x49\xf2\x46\x38\x8e\x77\x29\x52\x9b\x65\x9e\x97\x4d\x91\x0e"
	"\x7e\x4e\x7e\xf4\x69\x11\xc7\x8f\xaa\x84\x5d\x3d\xd8\x67\x79\x7a"
	"\xfd\x90\x66\x49\xec\x47\xe3\xe7\xdb\x5d\x9a\x55\xe3\x47\x35\xd9"
	"\x31\x69\x9b\x8c\x1f\x7e\x26\x2a\x77\xc7\xe4\xc9\x29\xeb\xf4\x24"
	"\xcb\x8a\xa4\x96\x9c\xc3\x91\xec\x5c\x34\x84\x63\x6d\x4e\x4d\x19"
	"\xbd\xb6\xad\xaf\xd2\x98\x0c\xa8\x63\x47\xcf\x71\x75\xe0\x24\x5b"
	"\xae\xa5\x29\xff\xdd\x75\x86\xcf\x8f\x3a\x7e\x5f\xe6\xe9\xd8\xcb"
	"\x55\xd5\xa3\x2e\x93\xfd\x7a\xc2\xa9\x85\xab\xb6\x3c\x53\xc4\x35"
	"\x9f\xd6\xf0\x42\x85\x7c\x99\xf3\x5f\xdb\xa1\xaa\x68\x04\x74\x55"
	"\xa9\xec\xae\x81\x4f\xf9\x68\x43\xaf\xdd\x04\xd4\xe3\x86\xb1\x7b"
	"\x94\x29\x81\xcc\x36\x28\x95\x89\x8a\xb4\x9a\x0a\xf5\x69\x63\xed"
	"\xc0\xc7\x82\x19\x01\x8f\xaa\x99\x38\xce\x8d\xc6\x94\x4e\xeb\x4b"
	"\x52\x3b\x42\xae\xde\x28\xb2\xa0\xb4\xab\x0c\x64\xb5\x19\x61\x38"
	"\xa8\x89\x22\xdb\xd2\x92\x1d\x3d\xd9\xd5\x90\x77\x0e\x4a\x5b\x89"
	"\x08\xb9\x23\x01\xd4\x84\x58\x36\xb2\xb6\x29\x32\xa3\x58\xc2\x38"
	"\x35\x79\xba\xfb\x0d\x72\x7a\xa6\xde\xe6\x9e\x83\xc4\xa3\x3f\x92"
	"\x31\x07\x5f\x45\x16\xdd\x1a\x2f\x3a\x25\x75\x4e\x34\x3d\xb6\x51"
	"\xa1\xb7\x50\x72\x4e\xee\xb5\xaf\xf7\xec\x3d\x3d\x7b\xcf\xc0\x1e"
	"\xa7\x4b\x9d\x4d\x70\x22\xc5\x69\x59\xb2\x2d\x5d\x7c\xbe\x52\xb9"
	"\x5d\x46\xb2\xa8\x5d\xc8\xd4\x04\x48\x3f\x1b\x39\x74\x46\x16\x38"
	"\x22\x2b\xb8\xed\x86\x96\x81\x8e\xcb\xcd\x9a\x61\xe9\x28\x95\x66"
	"\x4e\x79\xa5\x25\xe2\x73\x54\x5a\x56\x76\xa8\x19\x35\xa9\x48\xb3"
	"\x3c\xea\x2c\x23\x00\x2f\xe2\xb6\xac\x37\xb6\x63\xe3\xd3\x35\x2f"
	"\x73\x7c\xf4\xf3\x2e\xf0\x02\x0f\xd9\xcb\xf7\xa2\xd3\xa1\xa9\x98"
	"\x25\xb9\x60\x8e\x8f\x4f\xf6\x2a\xe9\xb6\x35\x4a\xad\x69\x25\x68"
	"\x9a\xe1\x74\x96\xb9\x8e\x8e\x1a\x07\x7a\xaa\xef\x68\xb4\x7e\x80"
	"\x8b\x53\x4b\x49\xe4\x74\x46\xba\x41\x3f\xab\x2d\x66\xc9\xf1\xa9"
	"\xd1\x76\x68\x08\x63\x49\xbd\x67\xeb\x89\xa2\x54\xa7\x47\xdb\xf4"
	"\x5f\xea\x6b\xe2\xc8\x85\x4a\xc9\x21\xe9\x85\x05\x59\xa3\x80\x5e"
	"\xd5\x99\x72\x50\x92\x9b\xcf\x87\xec\xf7\xc0\x1b\x19\x0b\x53\x03"
	"\xa1\xe1\xab\xab\x07\x72\xd5\x48\xc7\x69\xb7\x4e\x84\x86\xd8\x9a"
	"\x19\xa4\xb2\x0a\x10\x4a\xee\xb4\x88\x60\x4d\xeb\x4c\x8b\xd8\xd2"
	"\x35\x16\xb9\x4c\x2d\x4c\x49\x8a\x9e\x7a\x9d\x58\x54\x65\x6a\xa2"
	"\x6f\xf5\x08\x51\x16\x19\x7a\xb3\xe9\x04\x6a\x89\xb4\x2a\x3a\x64"
	"\x2c\x78\x99\x4c\xfb\x10\xdc\x14\x09\x83\x40\x55\x3a\xab\x00\x22"
	"\x3f\x49\xa4\xc6\xf4\x3a\x67\x65\xa5\xce\xb5\xff\x1f\x7f\x4b\x8e"
	"\x7e\x61\xe0\x9b\xb1\x7e\x3f\x1c\x3e\x9e\x1e\x5f\x0e\x37\x49\xd5"
	"\x7c\x4c\x9c\x34\x2e\xd0\xb7\xef\xf0\x85\xfa\x63\xe6\x95\xff\x99"
	"\xca\x20\x57\x26\x65\xbe\x27\xbc\xc6\xeb\x78\x02\x71\x42\xcd\x18"
	"\xbe\x00\x53\xa5\x48\x2e\xd3\x21\x2a\x33\x15\x47\x59\x07\xd2\x8d"
	"\xba\x91\x82\x2e\x76\x20\xba\x7b\xe0\xd8\xd6\xb4\x77\x67\xb8\x5d"
	"\x9f\x0c\x73\xc1\x9e\x9f\xde\xdf\x0e\x2f\x87\xa7\x1f\xef\x6f\xaf"
	"\xe0\xad\xc2\x61\x9b\x7e\x03\x23\xda\x7b\xd3\xcd\x25\xfa\x38\x72"
	"\xec\xc4\xba\xda\x10\xb4\xe0\x87\x6e\x2f\x52\x86\xcb\x5b\xff\x61"
	"\xe2\x3c\xcf\x8f\x25\x80\x4f\xf2\xcc\xd1\xf4\xf1\x83\x3d\x78\x43"
	"\xc0\xbe\x52\xdb\x52\x52\xb6\x70\x3a\xb8\x41\x13\x86\x9c\x70\x49"
	"\x1c\xee\xfb\x12\xb5\xb0\x94\x34\x76\xa8\x51\x25\x17\x50\x60\xa3"
	"\xc1\x22\xae\x80\x68\xa2\xd1\x01\x30\xb4\x2c\x47\x0f\xba\xf5\x6c"
	"\xcb\x33\x41\x3c\x3f\x32\x41\x7c\xdf\xc8\x05\xbb\xdb\x30\x84\x78"
	"\xa6\xea\xfa\x6e\x14\x98\x20\xbe\xa9\xba\x79\xe2\x63\x07\xc3\x27"
	"\xcc\x2a\x75\x22\x23\x46\xec\x79\x52\x6a\x21\x09\x77\xfd\xdc\x75"
	"\x16\x60\xdc\x05\x18\x6f\x01\xc6\x37\x63\x3c\x7b\x09\xc6\x28\x60"
	"\x27\x9c\x49\x62\x61\x83\x93\x7b\x8e\x19\xe3\x2f\xe4\xe5\x2f\xe1"
	"\x15\x98\x31\xa1\x6b\xc4\x04\xbe\x11\xa2\xb1\xd1\xcf\x90\x65\x0d"
	"\x0b\x97\xf4\xb9\x27\xad\xb4\x68\x09\x3b\xd7\x76\x8d\x35\x73\xbd"
	"\xd8\x04\x09\xcd\x22\xe5\xbb\xb9\x6b\x69\xf4\x34\x1c\xd2\xf5\x7a"
	"\x72\xce\x44\xc8\x78\x68\x1b\x24\x5b\x42\x1c\x83\xd0\x66\x3c\x72"
	"\xed\xc0\x08\x71\xcc\x5d\x77\x84\x99\x46\x62\x23\x58\x60\xd0\xe9"
	"\xe0\x5f\x04\xf9\xd8\x2d\x57\x5f\x31\x4d\x50\xc9\x0b\xa4\x8b\x23"
	"\xdf\xa0\xa9\x15\x08\x71\x0a\x18\x61\x62\x67\x01\xc8\x35\x4c\x8f"
	"\xbe\x34\xbd\x88\x31\xce\xa2\xd8\x0e\xf6\x3b\xf8\x48\xa0\x1c\x4c"
	"\x16\xc3\x8f\x77\xf7\xb5\xf8\x2a\x61\x76\x10\xd9\x46\x4c\x18\xc5"
	"\xc6\x61\x57\xb8\xb8\x5b\x8c\x33\xc9\x07\xe0\xa2\x60\x19\x3f\xc0"
	"\x2d\xe0\x27\x05\x3c\x22\x4b\x18\xf6\xc0\x05\x1c\x7d\xdb\xf9\x7b"
	"\x09\x43\x85\x33\xf1\xab\x85\x1f\x18\xa6\x20\x40\x5c\xfd\x78\xf1"
	"\x8d\xc8\x7d\xdd\x8e\x47\x81\xd4\x97\x46\xb9\xbb\xa8\x72\xba\xa6"
	"\x06\x33\x8d\xd3\x7a\xdd\xef\xf2\x16\x18\x6b\x66\xd3\x9b\x73\xe6"
	"\x60\x31\x96\x86\x98\xc0\x72\x8c\x5d\x76\xc2\x99\x86\x40\xe2\x3c"
	"\xdf\x30\xb3\xb9\x20\xd8\x4d\xcd\x21\xc4\x37\xf4\xac\xa0\x72\x1b"
	"\xa3\xdf\x09\x08\xc2\x1d\xdf\xb0\x08\x4b\x0c\x1a\xdf\x6f\x88\x09"
	"\xed\xce\x8c\x71\x2c\x13\x46\x1a\x8e\x7a\xdd\x28\x52\x12\x7a\xb6"
	"\x7e\xb5\x13\x6b\x12\x47\xa1\x01\x93\xb7\xae\x63\x11\x9a\x38\xae"
	"\x71\xd4\x86\x58\x93\x24\x9c\xb1\xd3\x8b\x9d\x1a\xa4\xd3\x79\xcb"
	"\xeb\xa0\xd0\xcb\x6b\x61\xa8\x03\x77\x89\xe3\x84\x99\x01\xd4\x5b"
	"\x2b\x66\x90\x61\xef\xb0\x63\x91\x6f\x5b\x46\x88\xc1\x5a\x57\x10"
	"\x73\x41\x91\xb1\x20\x2c\xa8\xf6\x10\xe2\x44\x46\x88\x6b\xe6\xe2"
	"\x86\x46\x88\x67\xe6\xe2\x9b\x5b\xe4\x1b\xbb\x2e\x0c\xcd\x5c\xc2"
	"\xc0\x08\x89\x1c\x13\x24\xb2\xcc\x42\x7d\x84\x99\xa4\x19\x62\x2b"
	"\x5a\xc6\x96\xc5\x81\x65\x86\x18\xab\x1d\x87\x9e\x19\x62\x14\x8a"
	"\x38\xd2\xaf\x2b\x0f\xea\x40\x27\x0e\x2a\xc7\x31\xda\x66\xa1\xaf"
	"\xd7\x64\x10\x40\xce\xd7\x4b\x4f\x41\x9a\xc8\xf7\x2c\x23\x26\xb2"
	"\x17\x60\x4c\x0a\xba\x22\x90\x63\x90\x68\x1a\xd6\x2f\xfa\x09\x16"
	"\x37\x79\x80\xe1\x49\xa3\xc7\xf5\xe6\xc0\xa6\x26\xd5\x76\x39\x70"
	"\x8e\x6b\x7f\x80\x4d\xd3\xeb\x5b\x5a\xf2\xe1\x28\x1d\x2b\x4d\x2f"
	"\x79\xa1\x45\x9d\x15\x1b\xb1\x9d\x73\x68\xa0\x69\x4d\x76\x83\xb8"
	"\x40\x3d\x9b\x01\x93\x8b\x0b\x4b\x7f\x04\xf7\xfd\xf0\x04\xb7\xd8"
	"\xa0\x0e\x33\xe7\x5e\xf0\x06\xf1\xe0\xca\xc0\x7c\xa8\x74\x20\x27"
	"\x49\xa3\xdc\xfc\x35\x88\xba\xe9\xe6\x2b\xbb\x27\x55\x35\x4e\x6c"
	"\x70\x7e\x48\x6b\x9c\x21\x47\x7c\x44\x15\xb1\x81\x33\x7d\x94\xbc"
	"\xca\xf2\x5b\xc4\x49\xb8\x27\x8b\xb2\xda\x23\x39\xd1\x01\x90\x6c"
	"\xe1\x6a\x83\x86\x4c\xe5\x2f\x0d\xbd\xac\x39\xd1\x34\x2d\x29\x9b"
	"\x0d\xc1\xc9\x55\x5d\xa6\xf4\x36\xbb\xc7\x9b\x9f\xa8\xbb\xa2\x38"
	"\xb9\x72\x6c\xe4\xcb\x98\x22\xf7\xd7\xc4\x51\xba\x94\xae\x4d\x59"
	"\xc0\x35\x12\x14\x92\x31\xae\xeb\xbf\x2c\x27\x05\x22\x0b\x70\x87"
	"\xbb\x64\x53\x61\xc8\xf2\x12\x67\xf6\x20\xfb\x02\xa5\x6e\x32\xb6"
	"\xa2\xc8\xe4\x54\xf4\x35\xe2\xd3\x06\xc4\x6d\x99\x63\x31\x50\xd4"
	"\xbb\x65\xb9\x91\x9a\x62\x4b\x18\x16\xd3\x56\xa1\x44\x10\xb9\x38"
	"\x59\x56\x5e\x3f\x73\x6e\xef\xf1\x7e\x6e\x12\xb8\x70\x91\xa0\xf4"
	"\x1d\xc9\xb1\x28\xb4\xaa\x6a\xf7\x35\x7e\x45\x12\x00\x14\x22\x4c"
	"\xe0\x54\x81\xd3\x3e\x93\x55\x8d\x4b\xa0\xd8\xd1\x62\x4b\x0a\x4d"
	"\xa7\x14\x9c\x4a\xf5\xa6\xa9\x5a\x9e\xa8\xec\x34\x38\x3d\x4b\x35"
	"\xb4\xa2\x6c\x71\x89\x82\x3e\x9d\xaa\xbb\x01\x59\xf9\x21\xb3\xb2"
	"\xe1\x57\x3a\x8b\x91\xfb\x75\x4e\x38\x3e\x96\x75\xd6\x4f\x1e\x8c"
	"\x33\x85\xe4\x21\xe5\x5a\x5c\x31\x2e\x0b\xa9\xf5\xb3\x7b\xec\xbd"
	"\x26\x17\x54\x49\xd1\x58\xcf\x17\xf0\xe9\xb3\x48\xcb\x29\xbb\x42"
	"\x50\xb4\x8a\x05\x7c\xb6\x40\xa9\x65\xad\x9b\x10\x15\x29\x20\x1d"
	"\x4e\x5e\x6a\x26\x5c\x95\x15\xb2\xef\x10\xa7\xe9\x1e\x20\x48\x7e"
	"\x5f\x74\x38\x40\x6a\xd7\x89\x9b\xff\x90\x2a\x75\x8b\xba\xfe\x94"
	"\xf0\x69\xb3\xab\x9a\x32\xd2\x69\x06\x47\xbe\xa7\x11\xf7\xba\x4c"
	"\x12\x82\xd7\x5b\xaa\x74\x5d\xdf\x1c\xaf\x93\x21\xb5\xe6\x72\xbd"
	"\x18\x9d\x6c\xca\xdf\x3a\x0d\xaa\x12\x63\x43\x30\x24\x1c\x21\x32"
	"\xc2\x74\xd4\x2c\x07\x1f\xaf\x0c\xd7\xf3\xba\x78\x53\xaa\x3f\x18"
	"\x2e\x45\x1b\xb8\xed\x47\xb8\x66\x11\xe2\x8c\xd4\xe2\x73\x79\xaf"
	"\x2d\x42\x50\xcd\x34\x95\x9a\x8d\x67\x9a\x59\x0e\x97\xa2\x36\x4c"
	"\x43\xae\x1b\x2e\x18\x91\x5d\x81\x6b\x91\x06\x4c\xa9\x7d\x85\x5c"
	"\x68\xe8\x55\x2c\x96\x96\x48\x51\x29\x65\xa5\x46\x4d\x76\x54\xce"
	"\x06\x94\xfa\x90\xd5\xa5\xb6\x7f\x1e\xee\x53\x69\x58\x69\xb4\x64"
	"\x9f\x11\x6e\xbf\x6d\x56\xb8\xad\x94\x57\x78\x01\x77\x6d\x7d\x65"
	"\xaa\x42\x6c\xa4\x59\x73\xb5\xf7\x45\xb8\x32\x59\x2b\x3a\x37\x57"
	"\x8f\xe0\xde\x53\xf4\x7c\x9b\x7e\xcc\xf7\xcc\x06\x3e\xd3\x6e\x51"
	"\x36\xe5\xf6\xff\x49\xbb\xb6\xe6\x56\x71\x65\xfd\x57\x5c\xfb\x69"
	"\xa6\xea\xcc\x19\x2e\x06\xe3\xbd\x6b\x1e\x64\x81\x6d\x26\xdc\x8c"
	"\xc0\x76\xd6\x0b\x95\x49\x58\x59\xae\x49\xe2\x6c\xc7\x39\x33\xd9"
	"\xbf\xfe\xa8\x05\xd8\x08\xd4\xe0\x53\x67\x56\xd5\x24\x51\x7f\x08"
	"\x5d\x5a\x52\xb7\xe8\x0b\xf5\x0b\xf0\x3c\xe2\x87\x71\xe5\xc7\x24"
	"\x07\xc5\xec\x59\xf5\x0b\xc3\x8b\x38\x94\xd2\xd4\x09\x3b\x8e\x94"
	"\xae\xf9\x71\xce\x8a\x35\x75\x25\x8a\x0c\xab\x0c\x1b\xdb\xcf\x45"
	"\x11\xdf\xd2\xa8\x57\x44\xde\xae\xb6\x1c\xbf\x38\x76\xc9\x71\x55"
	"\x60\xec\x6a\xd3\x01\x79\xdc\x9a\xd4\x72\xe0\x61\xe5\x33\xe9\x00"
	"\x10\xe4\xf1\x88\xa6\x62\x24\xb2\xd5\x10\xad\xd8\xad\xf9\x1e\x15"
	"\xf8\x2c\x1b\x44\x2d\x02\x61\x36\xcd\x32\x94\x6f\x00\xc9\x0f\x58"
	"\xd6\x7c\xe3\x86\x02\xd4\xf8\x43\x84\x20\x45\x78\x14\x68\x3b\x31"
	"\x1d\x0b\xb2\x54\x73\xda\xf1\xe3\x0c\x61\x01\x9a\x40\x18\x6e\x5f"
	"\x41\x11\xcf\xdb\xb3\xbd\xa6\xc1\xc4\x21\x4c\xb2\x07\x26\xa9\xe6"
	"\x55\x7a\x50\x94\xbb\x8b\x15\x55\xc6\x9e\xbd\x20\x7a\x73\x5e\x95"
	"\xd6\x5e\x11\x32\xc9\x43\x5e\x25\xca\xd3\x38\x16\xe3\x5a\x64\x19"
	"\xf2\x3e\x01\xcb\x32\x60\x26\xc6\x35\x0d\x57\x51\x79\xaf\x35\xcd"
	"\x2b\xdb\x2d\x92\xe7\x75\x9f\x1b\xba\xb6\x4e\xba\x23\x24\x81\x7c"
	"\x96\xe8\xba\xbd\x1f\xc4\x2c\x39\x87\x80\xad\xc7\x10\x06\x52\x8d"
	"\x43\xf6\x2d\x7c\x36\xe2\xeb\x10\x29\x4a\xfb\xfd\x8b\xc7\xfa\x97"
	"\xd7\x00\x3c\xec\x5e\xe0\xe8\xfa\x20\x22\x75\x88\x6d\x5b\xf3\xd9"
	"\x20\x08\xda\x20\xc2\x8e\x85\x1d\x51\xe1\xc2\xb0\x95\xf3\xe6\x84"
	"\xbe\x3c\x7c\x7c\xa8\xd4\x69\xb1\x61\x50\x3c\x3e\xa0\xb0\x23\x47"
	"\x8e\x24\xb1\x5c\x5c\xfc\xd9\x2c\xec\x07\x29\x89\xf8\xf9\xf3\xcf"
	"\x49\x15\x9b\x30\x4e\xc1\xfb\xee\xa9\x7c\x87\x28\x31\x10\xc3\x89"
	"\x51\xe6\x4f\xfe\xf8\x3c\x4f\x16\xc1\x1d\xec\x5c\x05\x73\x27\xaf"
	"\x0f\x5f\x8d\xd9\xd3\xc3\xcb\xc7\x71\xf2\x47\x39\x79\x2b\xcb\xa7"
	"\xf2\xe9\x5f\xbc\xd2\x52\xaa\x69\x5d\xbe\xbc\x0b\x13\xa8\x57\x08"
	"\xc6\x7d\x78\xfb\x7e\x94\x77\xb5\x1a\xd7\x9d\xac\xba\x78\xc0\x26"
	"\xbe\x8d\x02\x55\x7e\x28\x14\xe5\xa5\x36\x92\x91\x25\x59\x8c\xe2"
	"\x96\x5c\x36\xc1\xce\xec\x36\xce\x67\xae\x31\x10\x58\xb5\x81\xf1"
	"\xdf\x49\x36\x8a\x62\xae\x9b\x6a\xf3\x9b\x60\x96\x35\x0a\xfb\x3d"
	"\x0f\x13\xb6\x8e\xc7\x5f\x4b\x02\x92\xbb\x64\x14\x16\x47\x1e\xae"
	"\x84\xb6\x81\x77\x24\x0d\xc7\xab\x6b\x02\xcd\xf1\x09\xa1\xe3\xf3"
	"\xe1\x45\x7c\x10\x17\xb6\x61\x69\xc8\x66\x91\x93\xcb\x69\x0a\x0b"
	"\xcc\x7f\x7d\x78\x3e\xbc\x3d\xab\xe2\x33\x8a\xcd\xc7\xa5\xce\xc0"
	"\xb4\x09\x1d\x6b\x80\x9d\xfc\x04\x4f\x4d\x24\x9e\x17\xbb\x80\x2b"
	"\x9b\xf2\xb5\x4f\xea\x1d\x35\x7b\xa7\x37\x2f\x2b\xd6\xf1\xc0\xb1"
	"\x2b\x10\x2b\xd2\x0d\x98\xd9\x45\xb8\x90\x45\x27\x8d\x83\x4b\x6c"
	"\x86\xe4\xe5\xe1\xcc\xd7\xdf\xeb\x64\xf5\xf2\x59\xd6\x67\x63\x13"
	"\x62\xb0\x23\x60\x88\x36\x90\xa4\x13\x55\x5c\x14\xc7\xcb\x6b\x48"
	"\xb5\x6e\xb3\xf0\x50\xa8\x10\x56\xc1\x77\x3d\x82\x34\x18\x0e\x93"
	"\x99\xad\xc9\xaf\xab\x0b\xfb\x5b\xff\x85\xc0\x47\xa9\xe9\x61\xef"
	"\x6c\x02\x40\x35\x48\x02\x32\x78\x8e\x01\xf6\x32\x5c\xca\x8d\x1a"
	"\xc6\x08\xdb\xa0\x2b\xf7\x17\xe5\x63\xb2\x40\x87\x3c\xef\x85\xbe"
	"\x8d\x8f\x1c\xa7\x1a\x78\xfc\x64\xe2\xe6\x59\x3e\x10\x61\xd6\xdb"
	"\x32\x6f\x35\x20\x96\xad\xe2\x0c\xbd\x19\x11\x88\x81\xe3\xad\x59"
	"\xb9\xf4\x7e\x46\x6d\x73\x00\x26\xd2\xde\xe2\x13\xe0\x8a\xfb\x11"
	"\x5c\x88\xc8\x5c\xbf\x77\x0b\x28\x0f\x02\x5c\xff\x0e\xc5\x9e\x12"
	"\x43\xe1\x33\xfe\x63\xbb\xc2\x77\xa4\x00\xef\x6a\x96\x12\x2e\xb2"
	"\x6f\xfd\x45\x8a\xe6\x6f\x16\x5d\x89\x77\x24\x4d\xfd\x01\x04\x12"
	"\xa4\xac\x12\xcb\x18\xe7\x55\x21\x2f\x2c\xfd\x7d\x96\xa7\x0a\xb6"
	"\x06\xf7\x44\x24\x10\x09\x00\xee\xf9\x43\x38\x33\x78\xdf\xc4\x70"
	"\xee\x71\x5e\x03\x51\x93\xff\x34\x2c\x7d\x20\xde\xf8\x9a\x71\xdd"
	"\x82\xff\x62\x5a\x9a\x39\x0a\x9a\xda\xb2\x11\x51\x7b\xb8\x21\x3c"
	"\x33\x9f\x31\x88\x97\xe8\xf5\xb5\x18\xba\x26\x31\xc3\x6e\x6b\x85"
	"\x08\xe6\x55\x8e\x6e\x45\xb4\x98\x6d\x93\xcd\x5c\x9b\x86\xe3\x58"
	"\x91\x13\x67\x7e\x03\xce\x37\xdc\x64\xaf\x77\x12\xfe\x5d\xd6\x75"
	"\xf2\xe3\xeb\xe3\xf0\xf8\xf0\x32\x09\x1e\xbe\xa4\x80\x7b\x6d\xd9"
	"\x6c\xdd\x8a\xb6\x11\x55\x51\x87\x8b\x3d\xf5\xfc\x6d\xb7\xab\xe0"
	"\xde\x5a\x6c\x17\x03\xe1\xba\x61\x93\x32\x07\x42\xb2\xe7\x81\xfc"
	"\x6d\xb2\x5d\xb9\xd8\x03\x7b\xaf\xac\x76\xc6\x61\xa1\xaa\x0d\xe2"
	"\x3c\x19\x78\xec\x46\x28\x1b\x6c\x8b\xe8\x6a\x21\xbe\x3b\xcd\x35"
	"\x4d\x41\x6f\x0e\xfb\x28\x0f\x8b\x45\xbe\x5c\x82\x33\xe3\xc5\x2d"
	"\x33\x6f\xdc\x0d\x21\x89\x5b\xeb\x74\x13\xd3\x52\x9e\x0e\xef\x3f"
	"\xca\x13\x9f\x98\xab\x16\xd8\xdd\x6e\x1b\xa5\x24\x77\x07\x42\xbb"
	"\xa7\x83\xe4\x46\xfa\xc7\xe5\xf2\x3d\x31\x66\xf8\x4a\x0c\xb7\x83"
	"\xd5\x03\xd9\x1c\xd0\x4e\xa2\x04\x1e\x17\xea\x0d\x5e\x07\x34\x10"
	"\x5f\xe9\x0b\xfe\xfc\x50\x13\x48\xe8\x5a\x96\x69\x0f\x41\xb8\x18"
	"\x68\x18\x33\x63\x98\x3e\x14\xa8\x3e\xbe\xcb\xf1\xbd\x6a\x65\x68"
	"\xd9\x18\xb7\xf5\x63\x4e\xcb\x3b\x88\x5f\xa5\x7e\x0e\x19\xbe\x31"
	"\x08\xa7\xd8\x01\xdd\x33\xf0\x17\x5c\xfc\x4f\x62\xe6\x67\x9e\x2c"
	"\x84\x2c\x41\x31\x93\x8b\x1a\xd6\xec\x96\x7a\x70\x00\x76\x9f\x8e"
	"\xba\x4f\xa7\x11\x3f\xc2\xba\xa8\x10\xe2\x0b\x5c\x35\x23\x89\xb6"
	"\xec\xa3\x25\xcf\xeb\xaa\x4c\xfa\xa0\x5b\x15\xb9\x3e\x59\x75\xcb"
	"\x68\x2f\x3d\xcc\x12\x22\x8a\xf7\x9e\xad\x3e\x50\xb3\x94\xf6\x47"
	"\xa3\x57\xb4\x71\x59\xaf\x89\x2b\xd6\x6b\x61\x98\x25\xdd\xa2\xa4"
	"\x5b\x54\xfd\xda\xed\x71\x53\x5a\xe4\xde\xd6\x8b\xfa\x47\x48\x43"
	"\xee\x4b\x68\x2a\x54\x35\x9f\xea\x1a\xe2\x85\xb7\x1f\x7b\x3e\x1a"
	"\x78\xde\x1b\x50\xe2\xdb\x20\x88\x51\xcd\xbc\x6c\x1c\x2b\xb8\xe5"
	"\x06\x58\xc8\x97\x61\xb1\x20\xb7\xbc\xdd\x0b\xc7\x7a\xd8\xe1\x46"
	"\x75\x3d\xcb\x22\x80\xe8\x2b\x63\x75\xf5\xf9\xb7\x45\xea\x31\x53"
	"\x9b\xd6\xe2\x40\xac\x05\x39\xa1\xfa\x78\x8f\x2b\x9c\x22\x16\xd7"
	"\x00\xdc\x18\xef\x57\x7f\x15\xb6\x88\x9d\x3b\xef\xee\x0b\xb6\xf4"
	"\x96\x76\x28\xae\x7d\xd4\xc0\xfe\x4a\x6f\x11\xfb\x4b\xbe\x4d\xec"
	"\xad\xfd\x16\xb1\xbf\xb0\x5b\xc4\xde\x0a\x6f\x0f\x0d\xb6\xae\xbb"
	"\x6b\x3e\xbb\x4f\x64\xf3\x7d\x51\x50\x64\x14\xf1\x14\xae\xc8\x39"
	"\x45\xbc\xdd\xea\xa7\x45\x56\x63\x67\xaf\x14\xe9\xb2\xaf\xf7\xf2"
	"\x17\x5a\x85\xbc\x7e\x7f\x29\xff\x2e\x4f\xbf\xba\x65\xeb\xaf\x09"
	"\xfb\xeb\x70\x7e\xfc\xa1\xfa\xe2\x50\xd5\x0e\xf9\xc1\x12\xdf\x04"
	"\xc9\x58\xeb\x24\x3a\xe9\xbe\x84\xbc\x9c\xcb\xd3\xdb\xc3\xb9\x9c"
	"\x84\xc7\x27\x65\x68\xb3\xaa\x4a\x08\x92\x1c\x64\x21\xf6\xa1\x51"
	"\x9c\x1a\x31\xd8\x1f\xed\xfc\x4c\xbe\x90\xb9\x8a\x44\xc7\xbf\x44"
	"\x90\xb8\x17\x78\xc5\x57\x47\x42\xed\xcc\x70\xe2\x16\x49\x1c\xf8"
	"\xb4\x25\xb7\x8a\x9c\x94\x15\xad\x92\x67\xbb\xd7\xfa\x05\xfa\x09"
	"\xb8\x91\x4b\x0b\x54\xb0\xdd\xa9\x32\xce\x85\x61\x6b\xe9\x27\xbb"
	"\x94\x79\x1b\xae\x03\x2b\x0a\x7b\x81\xdd\x43\x5a\x2c\x82\xb8\x1d"
	"\x69\xe4\x52\xd4\x04\xfd\xb8\x46\xf7\xb8\x92\x5c\x8f\x0b\x98\x5c"
	"\xf0\xe7\xc2\x3f\x24\x05\x96\xbe\xac\xc2\x4e\x93\x63\xce\xdb\x50"
	"\x45\x57\x9f\x93\x88\x7e\x42\xc1\x3e\x60\xd5\x09\x72\x27\x61\x68"
	"\x7a\x9f\x64\x71\x3f\x4b\x9c\xc8\xf7\x50\xa5\x7c\xb8\xe1\xab\x06"
	"\xd4\x84\xcb\xf2\x40\x25\x69\xc8\x7f\xf8\xea\x01\xe7\x1d\x5d\xcb"
	"\x01\x38\x2e\x85\x45\x32\xfc\x10\x97\x42\xb3\x65\xa8\x7e\x34\xe6"
	"\x9b\x75\x4a\x18\xa2\xb9\xcb\xb8\x6c\xae\x8f\xa3\xdc\x1d\x0d\xd9"
	"\x9a\x8e\x00\x87\x32\x9d\x5c\x51\x4b\xf8\x89\xb8\x2c\x89\x99\xf5"
	"\x97\x21\xdc\x70\xa3\xb5\x60\x89\xb8\x61\x52\x17\x33\x1d\xaf\x79"
	"\x2b\xd2\x3b\x86\x21\xde\x0f\x77\x87\x3f\x9c\xf3\xed\x05\xaf\x3b"
	"\x1f\x1a\x9e\x9c\xf7\xd8\xb7\xf9\x8e\xa1\x21\x33\x4a\x37\x0a\x36"
	"\x68\x82\x80\x62\x31\x47\x00\x13\x22\xc1\x6c\xae\xc3\xbd\xf7\xa2"
	"\x78\x94\x0f\xd4\x39\x1d\x2f\x2d\xab\x17\x8b\xbc\xbe\xdb\x94\x62"
	"\x93\xc9\xcd\xf7\x42\x96\xf9\xb2\xfb\x6d\xa3\x90\x7b\x3b\xf1\x55"
	"\xb2\x15\xcd\x09\xbe\x51\x36\xb9\x14\xaf\xf1\x9a\x2e\xa5\x05\x6e"
	"\xae\x23\x40\x8b\x14\x6e\x67\x22\xb8\x11\x5b\xef\xe0\xfa\x22\x5a"
	"\x79\x7d\xdb\x4d\x30\x35\x52\xec\xf7\x55\x0d\x34\xb4\x4d\xc4\x94"
	"\xfb\x0a\xb0\x06\x00\x34\xd5\x34\x7d\xaa\x23\xa9\xc6\x04\x24\x08"
	"\x4d\x0b\x61\xfb\x86\x8e\xb9\xc5\x5e\xe8\x73\x2c\xba\x1c\x00\x12"
	"\x4a\xe6\x58\xa2\x2f\x01\x40\xa3\x79\x55\xf5\x27\xe6\x7c\x3a\x1d"
	"\xa6\x5b\x43\xed\x4b\x2c\xcb\xd0\x47\xe8\xe6\x30\xdd\x1e\xac\xdf"
	"\xc1\x92\xe3\x35\x74\xcc\x4d\xed\x3a\x3c\xd6\xc8\xf8\xd9\xe6\x00"
	"\xc0\xe5\x42\xab\x31\x65\x1a\x62\xbc\x5d\x55\x82\xc4\x96\x13\xc4"
	"\x4b\x92\xdd\x01\x4e\x73\xb9\xea\x3e\x34\x0a\x99\x69\xcd\x07\x46"
	"\x31\xa3\x04\xf2\x40\x0f\x00\x02\x6a\xcd\x31\xdf\x93\x0b\xa3\x5a"
	"\x7f\xe3\x74\x9f\x99\xfa\x32\x30\xf5\xf9\x7e\x14\x63\x28\x92\x97"
	"\x5d\x17\xa2\xf8\x28\xf9\xc7\xcb\xe1\xed\xcf\x9f\xf4\x2a\x9b\x57"
	"\xba\x5a\x4c\x6a\x9b\xc0\xcf\x37\x48\xd8\xa0\xb0\x7a\x9e\xfc\x74"
	"\xb5\x1b\xfa\xb9\xbf\x94\xe1\x76\x73\x60\x0a\xd8\x3d\xa3\xc8\x7e"
	"\x28\xe8\x61\xb0\x4f\x91\x8b\x7b\x41\xcf\x99\x97\x2a\xbb\x94\x9d"
	"\x0e\xcf\xcf\xd2\x5d\x64\xdb\xf6\xa2\xbb\xdd\x35\x26\x19\xbd\x70"
	"\x6a\x12\x35\xe6\x9b\x1a\xf6\x01\x51\x02\xae\x3d\x2e\x2b\x2d\x3c"
	"\x72\x03\xf4\x12\x6d\x6f\x1c\x4a\x93\x7c\x1c\x44\x68\xe6\x6f\x7d"
	"\x24\xcc\xac\x84\x1c\xde\x7e\x1a\x54\x63\x63\x23\x4f\x92\x18\xe6"
	"\xc3\xfb\x19\x72\xca\x7c\x4c\xce\xd5\x58\x5f\xd9\x24\x2a\xcf\xdf"
	"\x0f\x20\xdb\xd7\x79\xbc\x26\x3f\xc1\x94\x9c\x1f\x4e\xcf\xe5\xb9"
	"\xcf\x23\x97\xc1\x4f\x49\xc4\x7c\x2c\x36\xac\x3c\x14\x78\x1a\x36"
	"\x09\x97\x90\x08\xb1\xf4\x95\x60\x91\x97\x61\xc9\x57\xb8\x06\xce"
	"\x4f\x32\x7f\x01\x29\x0e\xd4\x83\xea\xf3\xff\x47\x5c\x30\x88\x54"
	"\x77\x67\x1e\xdf\xa4\xfa\xb6\x54\x50\x2a\xff\x55\x2b\xdf\xb0\x1e"
	"\xe4\x68\x79\x82\x88\x8b\xb4\x82\x9c\xad\xf3\xc8\xf5\xd2\x3d\x8e"
	"\xb8\x4b\xef\x63\x10\x7d\x91\x34\x29\x02\xb3\x07\x0f\x07\x9c\x4c"
	"\xc1\x8c\x75\xdf\xaf\xa4\x49\xa3\x96\x51\xb8\x24\xbc\xf6\x0a\x0a"
	"\x3a\x19\x99\xa1\x68\x4d\xb9\x1c\x75\xaf\x2e\x6c\x02\x88\xfe\xe3"
	"\x74\x7e\xd4\xfe\xd1\x06\x70\x62\x16\xaf\xa9\xfc\x54\x5d\xd8\x79"
	"\xea\x9a\xd8\x2d\x53\x0c\x5c\x8b\x16\x6d\xb9\x58\xd4\xdc\x9a\xf3"
	"\x82\xc9\xa1\x89\xd5\xdf\xda\x34\x00\xe8\x47\xd9\xf2\x32\x31\xdd"
	"\x72\x88\x6f\xa8\x28\xee\x04\x73\x6c\x97\x17\xb9\xef\x15\xdd\xb0"
	"\x8e\x72\xab\xd3\x6d\x4f\xa1\xba\x58\xfb\x41\x4b\x15\x82\x53\xf3"
	"\x1c\x59\x2c\xac\x6f\x1e\x62\x7b\x79\x05\xed\xb1\xf4\xc5\x0d\xc4"
	"\x65\x68\xd4\xe0\x36\x04\x71\xbf\x6a\x41\x6c\xe4\x6a\xbc\x81\xac"
	"\xef\x43\xc7\xb2\x87\xdb\x1b\x92\xbd\x3d\x47\xa4\xfd\x06\x93\x32"
	"\x8b\x9a\x23\xef\xf2\x59\xa0\x1b\x48\x7e\x5d\x19\x63\xdc\x52\x11"
	"\xf2\x3d\xba\x01\xed\x39\xc4\x1a\x44\x24\x74\x89\xfa\x4f\x4a\x18"
	"\xcd\xbe\x01\x64\xde\x02\xba\x05\xe3\x8c\xcc\xc6\x54\xcf\x9c\xe1"
	"\xc9\x58\x6c\x4c\xe3\x6e\x10\xc1\xb8\xf4\x3d\x47\x42\xe7\x36\x98"
	"\x65\x88\x06\xd3\xb8\xcc\x3a\x67\x64\x7d\x14\x62\x21\xc1\x0a\xda"
	"\xb5\x18\xc3\x53\xe5\x85\xa6\x66\x0c\xaf\x87\x74\xeb\x38\xf2\xa7"
	"\xe0\xca\x53\x8c\x2b\xc8\x23\x8b\x16\x46\x74\x3e\x3e\xe8\xf3\xe9"
	"\xf8\x92\x35\xc6\x21\xd6\x28\x64\x6a\x8e\x43\xc6\xf7\x86\xb9\x36"
	"\xbe\xa8\xf5\xe1\x25\x94\xce\xb1\x00\x4e\xd7\xa9\x9b\x8e\xcf\xae"
	"\xad\xeb\x37\x6c\x1e\x53\xe7\x86\x4d\xc8\x18\x5b\x3e\x86\x3e\xb2"
	"\xa0\x43\x9a\xcc\xe6\x16\x72\x28\x29\x62\x6b\x01\xff\x40\x96\xcc"
	"\x1b\x36\x7f\x97\x99\x86\x79\x4b\x0b\xc7\x18\x99\xf3\xd1\x9c\xf6"
	"\xaf\x6e\x2f\x96\x53\xa3\xed\xd0\x0d\xc7\x1e\x63\x10\x2c\xb1\x49"
	"\x1b\x62\x8d\x72\xa2\xed\x58\xc5\x92\x84\x7e\x70\x3f\x86\x9c\x4d"
	"\xc7\x16\x87\x31\xd5\x86\x97\x18\xa4\x26\x9f\x65\x64\x84\x51\xa6"
	"\x4e\x36\xd2\x7b\x80\x98\xd6\x28\x04\x71\x25\xbe\x40\x58\x68\x1b"
	"\x23\x9d\x5a\x6c\xa6\xce\x08\xd3\xa6\x89\x45\x47\x56\x19\x30\xc4"
	"\xf0\x0a\xfa\x76\x1f\x6d\xc2\xa4\xc7\x31\xc7\xb7\x5f\x40\x6d\x19"
	"\xe1\x97\x24\xd0\x46\xf6\x79\x40\x0c\x37\x71\x99\xf1\xdf\xc6\xce"
	"\x02\x16\x6d\xd9\xf0\x58\xcc\x3a\xe6\x25\x17\x47\xe3\x2a\x93\xeb"
	"\x58\x4f\x5a\xfe\x23\xa0\x4b\xaa\x12\xdb\x40\xd8\xa1\xc6\xdb\xe1"
	"\x9a\x0b\xe7\x52\xda\x97\x59\xab\x84\x52\x21\xe9\xa7\xb8\xe1\x85"
	"\x85\x17\xad\xa4\x14\x37\x50\x16\x2f\xdb\x75\x83\x25\x70\x4a\x38"
	"\xb7\xac\x5c\xc4\x0e\x95\x84\x70\xaf\x19\x68\x58\x76\xc4\x5d\x41"
	"\xf6\x3e\xd4\x8c\xa4\x12\x81\xa8\x88\x58\xdd\x22\x92\x28\x18\xb7"
	"\x11\x44\xf9\x08\xb9\xa4\xc4\x87\x0b\x49\x8d\x9e\x04\xa6\xa9\x15"
	"\x58\xe5\x95\xe5\xc3\x18\xb9\xe2\x4d\x14\x25\xb2\x06\xac\xa1\x85"
	"\x45\xb8\x0a\xb3\x11\x0c\x36\x42\xe8\xe8\xd4\xb4\x42\x15\x82\x15"
	"\xea\xa3\x2f\x87\xf2\xed\x2c\x71\x13\x61\xf7\x11\x57\xeb\xf0\x8e"
	"\xf1\x72\xa5\x82\xc0\xcb\x17\xf9\xb2\xef\x2d\x23\xea\x03\xcb\x25"
	"\xe9\xab\xce\x4e\x94\xab\x5f\x20\x0c\x98\x60\x48\x78\x7d\x45\xea"
	"\xa9\xbd\xea\x48\xbe\x57\x98\x1b\x36\x9f\xb5\xe4\xf0\xae\x39\xc4"
	"\x01\x42\x62\xfc\x00\x2d\x81\xe5\xc3\x55\x50\x3f\xdd\xa0\x18\x17"
	"\x12\x9c\x8f\x60\x08\x12\x69\x08\x68\xcc\x4b\x69\x8c\xe8\x46\xa2"
	"\x0d\xd4\x6f\xfc\xfc\x51\x4c\xe4\x65\x7b\xbc\x82\x34\x47\x9c\xc0"
	"\x81\x1a\x2e\x6d\x63\xaa\x1e\x29\x91\x6d\x05\x72\xd6\x79\x6e\xa5"
	"\x95\x5e\x73\xb6\x2f\x91\x6b\x1a\x08\x0a\xac\xca\xcf\xde\x22\xfb"
	"\x71\x3b\xb7\xb8\xc8\x4a\x19\x7a\x51\x2e\x55\x5f\x15\x63\x1f\x35"
	"\x6a\xf2\x02\x82\xfd\x22\xf7\x74\x35\x44\x24\x31\x18\x02\x84\xa1"
	"\xaf\xf8\xbe\x07\x71\x4c\x3f\x8e\xdf\xcf\x93\xf5\xd7\x7b\x79\xfa"
	"\x65\x3b\x79\xfe\x2c\x3f\xce\xaa\xaf\xcb\x5b\x3e\x7b\xd5\x0e\x59"
	"\xdf\xa7\xa8\x42\xdf\x65\x04\xbe\x32\xb6\x3b\x98\xa4\x3e\x0b\x0d"
	"\xf8\x0a\xab\xce\xef\x1e\x83\xdf\x3f\x72\x26\x04\x8e\x3e\x37\x72"
	"\x8c\x18\xf8\x0b\xf4\xb9\x99\x61\x2e\x90\x93\xc6\x99\xe9\x58\x9d"
	"\x8e\xee\x38\x1e\x46\x73\x0c\x63\xe1\x21\x2f\x64\x16\xa6\xd6\x6e"
	"\x33\xdb\x46\x9c\x23\x04\xc9\xee\x5f\x32\xf0\x69\xfa\x38\xd7\xee"
	"\x02\x72\x06\x65\xf2\xf8\x58\xbe\x94\xa7\xe3\x6b\xd9\x4d\x50\x4e"
	"\xf8\x3e\xa0\xdb\x06\x62\x09\x5b\x53\xe5\x90\x26\x55\x8d\x6f\x0f"
	"\x2f\xc7\x67\x91\x94\xb9\x4e\x11\xfd\x78\x7c\xe3\xaf\xec\xd7\x3f"
	"\xb3\x91\x54\x00\x9c\x34\x43\xd4\x51\x4e\x72\x74\xf4\x29\x1d\xb1"
	"\x0b\xe4\xa4\x8e\xbd\x5e\xbb\xa9\x4d\x3b\xff\x38\xfc\xf2\x74\x38"
	"\x95\x8f\x67\x91\x2c\x1e\x69\x74\x36\xeb\x44\x47\xac\x73\xd8\xbf"
	"\x3f\x3c\xf2\x4a\xde\x1e\xcb\x9b\x7a\xae\x5b\x68\xf7\x74\x0b\xed"
	"\xc3\x6c\xda\x7f\xb3\x2b\x5a\x7c\x49\xc7\xcd\xbe\xde\xce\x3f\xca"
	"\x8f\x43\xe7\x85\x73\xc7\xc4\x6a\xe5\xa4\x69\xdf\x5b\xaa\x3c\xff"
	"\x75\x3c\xfd\x29\x46\xe8\xeb\x3f\xe5\xe9\xbf\x26\xfe\xeb\x7b\xf9"
	"\x24\xfa\x47\x91\x4e\x59\x73\xb3\xaf\x2a\x13\x3e\x9a\xff\x53\x4e"
	"\xca\xb7\xf2\xf4\xfc\x35\x11\x5c\x06\x5c\xe8\x53\xf9\x59\x6f\xe6"
	"\x58\xfd\x56\xa4\xe5\xc7\xf1\x05\x3e\x63\xdc\x30\xa4\x06\x9b\x63"
	"\x43\x6a\x70\xdd\x45\xd7\x06\xd2\x65\x59\x28\x71\xbf\xea\x9f\xf0"
	"\xec\xbd\x7c\xf8\xf3\xf3\x1d\x5a\xc2\x9b\x57\x4e\x3e\xde\xcb\xf2"
	"\xf1\x87\x14\x96\xb9\xda\xb3\x8a\x5e\xfc\x91\x9a\xeb\x9e\x4e\xc7"
	"\xc3\xd3\xf5\x28\x27\x6c\xdd\x39\x21\xb8\xbe\x98\xc6\x5c\xee\xdc"
	"\x76\xe2\x79\x37\x02\x58\xdb\x63\x17\x92\x28\xc2\xbd\x29\x3f\x47"
	"\xd7\x1e\x49\xda\xd5\x00\x89\x92\x74\xeb\xc5\x79\x26\x88\x6a\x71"
	"\x0e\x50\xeb\x3c\xba\x1b\x81\x70\xc9\x61\x10\xb0\x8c\x53\xea\x09"
	"\x01\x03\x95\x41\x00\x26\x8c\x52\x84\xf7\x59\x11\xf1\xf3\x1b\x5c"
	"\x3b\xb9\x2c\x19\x78\xea\x7e\x16\x49\x1c\x07\x5c\x2a\xc9\x62\x10"
	"\x59\xfc\x20\x90\x3b\x2e\xa8\x50\xcc\x75\xf9\xf4\xee\x37\x5d\xd3"
	"\xfa\xb3\xb0\x88\xb1\xb0\x44\x5c\x8a\x2e\xb8\x04\x3d\x33\xa6\x88"
	"\x94\xbc\x42\xfa\xb1\x62\x05\x04\xdc\x5e\xc4\x98\xef\x59\xe4\xf3"
	"\x29\x61\x09\x12\xbe\xa6\x72\xba\x2e\x68\x70\x57\xec\x83\x08\x72"
	"\x21\xdd\xed\xbe\xa5\x68\xc6\xc6\x6c\xa9\x7e\xcb\xce\x0f\x28\xef"
	"\xb1\x26\x8c\x79\x46\x10\x98\x49\x07\xe6\x8d\x75\xc7\x66\x98\xe6"
	"\xb5\x4a\xbd\x7b\xcc\xf0\x29\xf1\xa7\x48\xfc\xe5\x30\xbb\x2b\x42"
	"\x85\x5f\xe6\xea\xe1\xe3\xcf\xf2\xac\xf2\x62\x6b\xe6\x6f\x45\xd8"
	"\x9d\x97\x71\x8e\x21\xa1\xb7\x8b\x91\x64\x82\x5c\x2f\x00\x8d\x86"
	"\xcf\x8b\xbf\x54\x8f\x85\x97\xc6\x60\x8c\xd7\x0f\x7c\xbf\xf9\x7c"
	"\x78\x79\x3c\xbe\xbe\x4e\x08\xdf\x39\xb9\xe8\x32\xa1\x81\x3b\xd9"
	"\x81\x57\xce\xeb\xf1\xe9\xf3\xa5\xbc\x2e\xd4\x0d\x25\x7c\xae\xdc"
	"\x02\x88\xed\x14\x78\xbc\xbc\x29\x2e\x82\x65\xaa\x1e\x00\x11\x76"
	"\xa3\xc2\xc4\x77\x6a\xb6\x12\xc4\xa5\x47\xc0\x43\xa6\xd0\xf5\xdd"
	"\x38\x28\x48\x10\xe1\x54\x68\x37\xdb\x78\xe7\x2f\x7d\x5e\x53\x8a"
	"\x60\x44\xb3\x9b\xba\x22\xc4\x9a\xa9\x03\x13\x31\x2d\x0a\x64\x1f"
	"\x58\x7b\x81\x9f\x87\x68\xb0\x06\xd1\xaa\xcc\x0d\x06\xa8\xb0\x26"
	"\x69\x8c\xf8\xfa\x84\x09\x2d\xf2\x31\x56\xa8\x86\x78\xb9\x0c\x62"
	"\x02\xb1\x58\x28\x67\x1e\x36\x30\x92\x84\x65\x09\xc9\xd6\x38\x22"
	"\x22\xc8\xe2\x11\x54\xae\xd2\xf1\x37\xed\xc0\xdc\x33\x4b\xf9\x66"
	"\x84\x28\xbd\x02\x5b\xe9\x80\x4c\xad\x31\x71\xc6\x01\x13\xe9\x48"
	"\xf8\x9a\x64\x1e\x45\x23\x12\x85\x14\x2c\x97\xf8\xce\x49\x15\xd6"
	"\x91\x18\x4f\x1a\xe3\xbc\xc4\x25\x3a\x32\x8e\x5a\xfa\x09\xbb\x85"
	"\x79\x91\x08\x33\x3e\x05\xb5\x9d\xbf\x69\x11\x40\xca\x68\x75\xba"
	"\xba\xdc\x0f\xaa\x94\x6e\x7c\x0b\x08\x93\x5b\xda\x84\x70\x14\x67"
	"\x69\x98\x18\xae\x4f\xad\x50\xbb\xb9\x8a\x5d\x16\xbf\x87\xab\x74"
	"\xe0\xab\xac\x3c\x52\x60\x36\x5f\x31\xd8\x38\x98\xf1\x03\x58\x17"
	"\x13\xc6\x7f\x51\x4f\xc3\x2a\x0e\xdc\xa5\x8f\x58\x60\xd1\x75\xca"
	"\x15\x9a\x8b\xc7\xbf\x4a\x31\xe4\xe7\x07\x7c\x85\xe4\xfa\xdc\x5d"
	"\xde\xb2\x34\x5e\x93\xad\x27\x0e\x99\x24\xf5\xf8\x51\xd4\xba\x51"
	"\xba\x1e\x40\x97\x74\x0f\x55\x66\x0f\xfa\x72\x7c\xfc\xb3\x4a\x53"
	"\x0c\xf2\x9f\x94\xf7\xe1\x7a\x68\x81\x7e\x4a\x20\xd1\xb1\xba\xc1"
	"\x1c\xb1\x66\xee\xdd\xd8\xd1\x07\xa1\x15\xa7\x88\xa5\x4f\x0b\xc6"
	"\x7c\x0b\x8b\xae\x28\xa3\x10\xd3\x30\x19\x34\xbd\x05\x84\x44\xe8"
	"\x6c\x81\xa8\x4b\xbd\x19\xa2\xbd\x74\x60\x73\x63\xb4\x8b\x94\x41"
	"\x66\x9a\x02\xc9\xee\x02\x88\x4d\x9c\xfa\x1b\xd5\xcc\xb7\x24\x09"
	"\xb8\xe6\x68\x4b\x7f\x2d\x1a\x66\x33\xd5\x9e\x53\x8a\x04\xcc\x0c"
	"\x8b\x55\x92\xf3\xbd\x66\xe1\x45\x2b\x2c\x8a\x78\x08\x4b\x3a\x19"
	"\x07\xc1\xf2\x1a\x46\x6d\x2e\x55\x31\x9a\x2f\x08\x86\xa9\x9a\xd4"
	"\x83\x34\x8c\xbf\xe3\xf2\x4e\x54\x1b\x4c\x57\x3c\x2c\xf8\x9a\x1d"
	"\x3f\x4f\x8f\x65\xdf\xa7\x51\xd8\x08\x55\x57\xac\x52\x49\x92\xc6"
	"\x8b\xd6\xaa\x21\x55\x7a\xf6\x75\x37\xdb\xa4\x5c\x5e\x78\xdb\x0c"
	"\xc2\x52\x92\x10\x45\x80\xd0\x0a\xc7\x17\x49\xe5\xb4\x96\xe2\xd6"
	"\x35\x4d\xf9\xbe\xc1\xe1\x9a\xe6\x58\x8e\xd5\x8e\x64\x06\x79\xb9"
	"\xf9\x1f\x17\x88\x6e\xeb\x9a\xf8\x27\xbd\xc8\x9e\x5e\x00\xbc\x82"
	"\xb9\xa1\x4b\x8a\x85\xdc\x90\x2d\xcd\x6a\x73\x18\xb5\xea\x94\xd6"
	"\xe9\x28\xb9\xfc\xe8\x28\xbd\x5d\x43\xe2\x07\x8b\x78\xdf\x7d\x45"
	"\xb8\xce\x91\xab\xdf\x6a\x13\x1b\x00\x98\x86\x56\x84\x0b\x24\xe1"
	"\x5b\x73\xef\x8d\xd1\xeb\xe6\x60\xbe\xc8\x70\x23\xb7\x09\x93\xb6"
	"\x0a\x11\x86\xb9\x9c\xfe\xb2\x2a\xba\xda\xf7\x54\x42\x2a\xe8\xaf"
	"\x87\xc7\x89\x20\x4e\x92\x87\xe7\x52\xd8\x49\xb5\x42\x0c\xb4\x54"
	"\x1c\x78\x1e\xee\xdf\x56\x99\x38\xe4\x82\x84\x78\x88\x32\xd4\x41"
	"\xf2\x91\xdb\xce\x98\x52\x0f\x02\xa4\x58\x3d\xb2\x29\x51\x43\xa8"
	"\x83\x26\x11\xc6\x32\x7e\x5a\xe4\xab\x35\x5a\x89\x1f\x6f\xc9\xb5"
	"\xb3\xf1\xb2\x2a\xee\x76\x9f\x2b\x71\x2d\x47\x89\xcc\xef\x8d\x8a"
	"\x34\xdb\x0c\x06\x05\xe3\x1f\x20\x16\x5b\x53\xd1\xa0\x4a\xdc\x23"
	"\xdf\xee\xf9\xb4\x25\x49\x75\xc7\xd7\xef\x70\xb7\x10\xa6\xf6\x12"
	"\x07\x23\x2d\x5f\x8f\xe7\xf2\xfd\x74\x7c\xec\x2f\xea\xd4\x83\x90"
	"\x63\xb5\x31\x4f\x85\x7e\x7f\xfd\x78\x56\x7e\xea\x49\x42\x56\xb7"
	"\x67\x25\x7c\xb7\x53\xc4\x17\xa7\x07\xc4\xf4\xaa\x0a\x58\x5d\x93"
	"\xa2\xa9\xb8\x39\x88\x0f\x4f\xdf\x90\x1a\x94\xfe\x9f\xd8\xd7\xc7"
	"\xb9\x7c\x9d\xc4\xfc\x4c\xfe\x71\x78\xff\x19\x6e\x19\x1e\x0f\xdf"
	"\x39\x0f\xba\x9d\x0b\xbc\xd7\x97\xe3\x33\x2f\x86\x9c\x5c\x9d\xbb"
	"\xbd\xc5\xe9\xf8\xf0\xc4\x35\x9b\x0e\xad\x15\x5d\x8f\x6f\xc5\x29"
	"\x0d\x59\xb6\xe8\x5f\x00\xed\x93\x5f\xaf\x09\xbd\x36\xc7\x13\x3f"
	"\x7e\x14\xaf\x38\xfc\x77\xb8\x57\x95\x5f\x74\x2a\x99\xd6\x9e\x79"
	"\x9a\xe4\x90\x60\x3a\x6f\xaf\x47\x41\x48\xf3\xa8\xd8\xe4\x5e\xee"
	"\x81\x06\x98\x49\xfc\x2e\x16\xf0\x22\xe3\x92\x4d\xe4\x06\x4a\x2f"
	"\x31\x51\x83\x9f\xb4\x9d\xec\x44\x51\xe8\x66\x05\xc8\x6b\xb2\x2d"
	"\xa8\xf0\x01\x4a\xb0\x6b\x5d\xe1\x60\x48\xb3\x00\x9d\x40\x2c\xb9"
	"\x23\xd0\x02\xa3\x4b\x6e\x37\xc7\x23\x69\x70\x5f\xa4\xbc\x1b\x71"
	"\xd8\x6d\x29\xe7\xdb\xf4\x5e\x0c\x0c\x57\x26\xba\xbd\x4f\xb8\x9e"
	"\x1b\xf2\x71\xdb\xb8\x2c\xb1\xb7\x2a\x9b\x03\xe6\x65\x79\x52\x30"
	"\x96\x56\xb9\x94\xc5\x06\x1e\xe7\x59\x3b\x99\x2f\xa7\xb1\x7b\x06"
	"\x27\xbf\x04\xf9\x0d\xa4\x10\x4d\x42\xe5\x0b\x30\xe2\x1b\x40\x09"
	"\x73\xcc\x02\xae\xa0\xba\x2f\xec\x74\x8b\x79\x14\xa4\xe1\xca\xe9"
	"\xbd\xdb\xab\x6a\xad\x82\xef\x1d\xb2\x6b\x57\x0d\x81\x3b\xae\x14"
	"\x94\x82\xb6\xe5\x65\x3d\x2a\xbd\x02\xd1\xa2\x6b\x88\xe7\x16\x11"
	"\xae\x6d\x2e\xbc\xd5\x6e\xa3\xcb\x65\x8a\xfe\x90\x43\x1c\x1c\xe0"
	"\xb8\x55\xad\x97\xa1\x53\xbe\x0a\x88\xeb\x83\xf1\xf9\xff\x11\xed"
	"\xa5\x09\xc6\x27\x4b\x46\xa6\x53\x07\x52\xca\x49\x2e\x83\x12\x2d"
	"\x48\x5c\xec\x71\x88\x46\xc0\x28\x09\xa4\xcd\xf5\x42\xb9\xee\x55"
	"\xad\x80\xa9\x1b\xe6\x79\xc2\xbd\xcb\x4f\x37\xdd\x91\x60\x09\xe7"
	"\xbc\x3c\xc3\xb4\xad\xf6\xa3\xe0\x33\xe2\xae\x3c\x5c\xcf\x87\xc9"
	"\x56\x80\xda\xe3\xce\x59\xfc\xba\x66\x25\x5e\x0a\xa9\x1f\x6d\xe3"
	"\x3b\x4f\x9e\x57\xe1\x29\xdd\x15\xce\x04\x37\x84\xf2\xdf\x70\xdd"
	"\xd8\x65\x00\xb9\x9c\xab\x94\x29\xcb\xf8\x28\xc1\xed\xc1\x6f\x10"
	"\x94\x49\x43\x80\x15\xa4\x60\x6b\x7f\x99\x5d\x43\x39\xa8\x41\x14"
	"\x22\xbe\xfe\xa6\x6b\x32\x67\xb3\xc4\x03\xf3\xa0\xfe\x6b\xe1\xe6"
	"\xae\xfa\x4f\x9e\x86\xdf\x33\xb2\xda\x3a\xaa\x39\xcf\xf8\x04\xb0"
	"\x75\x58\x8f\x6b\x6f\xef\xf0\x52\x10\xbe\x48\x47\x13\xbe\x48\xd5"
	"\x49\x23\x62\x70\x85\xc0\xaf\x9c\xce\xa5\x19\x5b\x7b\x10\xa5\x4a"
	"\x88\x2a\xf0\xd5\x36\x81\x00\x52\xe2\x9a\xa2\x03\xa4\x7b\xce\x05"
	"\x1e\xb9\x93\x45\x88\xda\x8f\xa9\x1b\x70\xb2\x45\xca\xbe\x49\x3c"
	"\xce\x09\xeb\x1d\x04\x86\xe6\xf2\x41\x44\xb0\x14\x82\x3e\x8d\x18"
	"\x53\xb9\x2e\x0b\x82\x24\x2c\x41\x01\x6a\x3f\x5c\x51\x37\xa1\xe4"
	"\x65\xb5\x13\x85\x68\x20\xac\x8a\xda\x73\x73\x94\x0e\xd8\xac\xff"
	"\x01\x61\x7f\x78\x39\xbc\xfd\x8d\x9d\xca\xb5\x85\xc3\x96\xe6\x8a"
	"\x56\x26\xa0\x44\x6d\x97\xa9\xb7\x69\x84\x9a\xfa\xcf\xc9\xea\xc8"
	"\x2b\x7a\x3b\xb6\x8f\xd9\x9a\x54\xac\xe2\x6d\x13\xce\x3f\x8e\x5c"
	"\x8f\x8f\x66\x4b\xe7\x68\x83\x5a\x0c\x82\x00\x20\xa2\x12\x23\x5b"
	"\x84\x0c\xae\x1b\x2c\x21\xe8\xd3\x5c\x3e\xf5\xb7\x12\x5b\xb6\xc9"
	"\x15\xef\x10\xba\xe6\xbb\xed\x2e\x54\x78\x27\x34\x5d\x75\xbb\xf2"
	"\x44\x53\x4b\xdd\xc9\x8e\xa5\xf6\x75\xcc\xaa\x1d\x42\x65\xd3\xbf"
	"\xcf\xa8\x60\x4a\xf1\x1e\xef\xef\xf3\xe3\xf1\xad\x89\x60\xa8\xf0"
	"\x49\xad\xe0\x05\x71\x69\xf1\x3b\x51\xfa\xe0\xd5\x08\x70\xc8\x90"
	"\x4c\xff\xab\x62\x08\x0c\x69\x22\x9f\x70\x6b\x48\x9a\x39\xf3\x99"
	"\x49\x86\x20\x2c\xb4\x2c\xc4\x0e\xac\x46\x34\x11\x78\xd4\x67\x90"
	"\x90\x33\x54\x2b\x41\x6e\xb3\x0f\xc6\x02\xe2\xd4\x56\xaf\x3f\x91"
	"\x0c\xaa\x72\x75\x47\x01\x43\x39\x40\x81\xce\x9a\x78\xb1\x43\x08"
	"\x45\x25\x37\x7e\xc2\xd6\x87\x3e\x61\x23\xe1\x08\x89\xbb\x0f\xcc"
	"\xa9\x85\x66\x50\x69\xe8\x98\x06\xb0\x08\x89\x8e\x7c\xc3\xe6\x24"
	"\xc3\xc0\x48\x54\xb7\x34\xa1\x93\xab\xc5\x4e\x97\x60\x81\x67\x5c"
	"\x62\x22\xd6\x97\x5c\x9b\x4b\x5d\xe4\xb2\xaa\xa2\xcd\x71\x1a\xf2"
	"\x11\x48\x4c\x7b\x1a\x43\x64\x8f\xaa\xb5\x43\xb1\x26\xc4\x04\x66"
	"\x35\xce\x84\xcf\x34\xea\x6f\x4e\x7b\xe6\xce\x11\x0a\xfd\xfd\x4e"
	"\xd7\x90\xb4\xa7\x21\x35\x0d\xd4\xdd\x99\xcc\xa6\x16\x3e\x8b\x0d"
	"\x1d\x77\x79\x26\x33\xdb\x46\xeb\x76\xa6\xc8\xc7\x7a\x4e\x9b\x5b"
	"\x96\x3e\x40\x43\xba\xb2\xa7\x53\x0d\x31\xe7\xe6\x34\x2e\x88\x20"
	"\xb7\x74\x94\x98\x68\xaa\xb7\xec\xce\x31\xb1\x14\xf0\x9c\xb6\x20"
	"\xd6\xff\xcb\x8a\xc3\xb0\x51\x7b\x0c\x63\xae\xe3\x24\x07\x23\x4d"
	"\x67\xb8\x59\x08\xfe\xae\x19\xfe\xae\xd9\xdc\x44\x8d\x49\x9c\x19"
	"\x46\x9a\x1b\xe8\x53\x73\xc4\x33\x93\x8a\xaf\xad\x3a\x9c\x0c\xea"
	"\x7d\x39\xda\x7a\x41\x9c\x78\xb5\x6e\x10\x63\x11\xd7\x9d\x29\x62"
	"\x4a\xbc\xde\x63\x39\xb3\xfc\x88\x40\xd6\x79\xec\xcd\x41\x46\x8d"
	"\xe9\x4c\xc7\x69\x98\xcb\x2d\xd0\x90\x70\x60\xfc\x18\xd3\x31\x0f"
	"\x0a\xa0\xe9\x3a\xe6\xce\x2f\x88\x0e\x4a\xc3\xdc\x5e\xe0\x8b\x81"
	"\x8d\xf4\x3f\xa4\x89\x69\x20\x1e\x50\x40\x9b\x22\xfe\x3f\x11\xc9"
	"\x67\x1d\x73\x6a\xe9\x13\x2a\x1c\xf2\x3d\x99\x55\x28\x21\x49\xe8"
	"\xc3\x70\x5b\x3d\xc5\x2c\xc3\x26\xa1\xba\xde\x48\x07\xc9\xa2\x5a"
	"\x7f\x1c\xb2\xc5\x20\xcc\x15\x82\x49\x18\xbb\x03\x9e\xd0\x99\x68"
	"\xba\xe6\xe8\x74\x90\x8c\x18\x0d\x35\xe4\x29\xd3\x10\x7f\xf4\x0a"
	"\xa1\x1b\xba\xe9\x0c\xd1\x35\x87\xe9\x9a\x31\x58\x83\xc3\x34\x6b"
	"\x10\x61\xeb\xcc\x46\xdc\xb6\x04\x82\xbf\x41\xb7\x06\xc8\xb3\x39"
	"\x62\xfe\x53\x91\x1d\xdb\x41\xbb\x90\x05\x74\x6a\x21\x79\xe3\xb6"
	"\x4b\x5b\xd7\xba\xcb\xb1\xbd\xb5\x2e\x4f\xc7\xb7\xf3\xc4\x7b\x7b"
	"\x92\xf6\x53\x38\x2a\x53\x0f\x74\xf6\x7e\xb4\x56\xf2\xfa\xfe\x72"
	"\xf8\x7e\xe8\xed\xc0\x8e\x69\x2b\x2c\xd2\x7e\x94\xaf\x22\x8e\x63"
	"\x65\xe5\x2e\x3f\x92\x05\x84\x15\x90\x87\x4b\xd8\xb5\x23\x92\x88"
	"\x67\x23\x92\x06\xa5\xcc\xc1\x76\x21\xb2\x41\xb5\xa5\xed\x37\x67"
	"\xde\x77\x56\x5f\x1f\x9e\x1a\x43\x7c\x30\x53\xac\xbe\x43\x36\xd7"
	"\x88\x8c\x25\x0d\xf1\x42\x90\xa5\x0a\x96\xd4\x9d\xe8\xc4\xe8\xaf"
	"\x3f\x6a\x7e\xbe\x9d\x5b\xb7\x92\x8d\x91\x1c\x3f\xd5\x1e\xaa\x49"
	"\xc0\x0e\x35\x4b\x43\x4c\xdb\x39\xc9\xb4\x35\x94\x84\x5a\x2d\x5a"
	"\x53\x43\x47\x49\x53\x1b\x27\x61\xd2\xa9\x65\xcd\x8d\x14\xa7\x99"
	"\x38\x4d\x43\x7b\x66\x1b\xd3\x14\x15\x85\xe0\x24\xb0\x51\x2b\x42"
	"\xcb\x76\x6c\xf4\x51\x20\xcf\xed\x01\x51\xda\x9a\x21\x72\x8d\x20"
	"\x39\x28\xc9\xd6\x71\x12\xda\xcb\x01\x41\xc1\x44\xad\x5d\x1d\x07"
	"\xd1\x22\xdc\x24\xce\x20\x6e\x85\x9a\xc8\xa6\x58\x3a\xd5\xd0\x36"
	"\x4c\x64\x34\xf9\x31\x67\xe9\xe8\xb1\x6a\x39\x06\x7a\x02\x4e\x67"
	"\xc8\xc7\x66\xa0\xcd\x0d\x74\x1f\xe5\xed\xd7\x1c\x03\x8d\xbb\x51"
	"\x21\x2c\x6b\x36\xb4\xd5\x75\xc6\xe0\x62\x78\xfc\xf4\xf9\xfa\xfa"
	"\x55\x5f\x74\x34\x0b\x71\x79\x2a\xff\xfd\x59\xbe\x3d\x7e\x5d\xec"
	"\x55\xff\x03\x71\x27\x5c\x97\xfd\x9a\x04\x41\x83\xaa\x3e\xda\x8a"
	"\x6f\x6f\x0f\xe7\xe3\xe9\x57\xf7\xf0\x71\x3e\x1d\xfe\xf8\x04\xfb"
	"\xdc\x8e\x79\x6b\xc7\xe5\xb6\x72\x6d\xfb\xf1\xf0\x51\xfe\x12\xf0"
	"\x3a\xca\xa7\x49\x70\x3c\xbe\x4f\x7e\xe2\x95\xff\x3c\xf9\xfe\xbf"
	"\xa5\x3d\xd9\x72\xe3\xb8\xae\xbf\x92\xca\xd3\xb9\x55\x67\x66\xbc"
	"\x27\x79\xc8\x83\x2c\xd1\x16\xdb\xda\x22\x4a\x5e\xf2\xa2\xca\xa4"
	"\x3d\x1d\xd7\x74\x96\xca\x72\xcf\xf4\xfd\xfa\x0b\x90\x92\x4c\x4a"
	"\x04\xed\xaa\x53\x35\x53\x69\x13\x10\x45\x91\x20\x00\x82\x58\xda"
	"\x97\x7f\x68\x2f\x37\x3b\x5c\x4c\xc6\x16\xa5\xb8\xe1\x1f\x3f\x7e"
	"\xbd\xbf\x7e\x3c\xbe\xbe\xed\x01\xd4\x67\xae\xf2\x58\x39\x20\x39"
	"\x01\x42\xa9\x18\xd8\x06\x3a\x73\x1d\x58\x49\xf6\xb3\xcd\xc5\x64"
	"\x4a\x9d\x2b\x97\x43\xea\x18\x93\x95\xe3\xc1\x74\x40\xee\xce\xfa"
	"\xf0\xb6\xdc\xe5\xa9\xe3\xec\xc6\x8b\xe5\xb8\x53\x26\x40\xb1\xf7"
	"\xfd\xc3\xcf\xcf\x27\x4d\x08\x35\xad\xef\x9f\x17\xb9\x4a\x13\xf7"
	"\x72\xf8\xec\x4e\xe1\x82\x4d\x26\xd4\x56\x94\xb0\x09\xb5\x3b\xc6"
	"\x03\x87\xd2\x89\xc0\x7e\x08\x64\xf8\xf5\x7c\xf8\x7e\xf8\xfc\x65"
	"\x5d\xcc\x78\x34\x26\xb4\x87\x20\x2c\x08\x21\x18\xa2\x66\x43\xa8"
	"\xa2\x61\x21\x46\xc4\xfe\x0d\x8b\x92\x80\x08\x7e\x45\x1d\x0a\x11"
	"\x34\xea\x4f\x3b\x87\x3d\xf3\x89\x69\x5d\x9e\xf7\x0f\x1f\x5f\xef"
	"\xfb\xe7\x3d\xe8\x1a\x5f\x30\xd3\x16\x52\x9d\x0c\x5c\xc4\x38\x21"
	"\x8d\x18\x1c\x28\x8a\xa4\x9a\x1a\x4c\x49\x84\x55\xbc\x9d\x51\xe7"
	"\x98\x35\x92\xe4\xcc\x49\x92\x1a\x0e\xf5\x86\x9a\x6c\x23\x11\xcf"
	"\x02\x61\xc9\x91\x73\xf8\xf1\xf4\x69\xdf\xbe\xdf\x82\x4a\x50\xa6"
	"\x14\x2f\x1a\x63\x59\x67\x3b\x2c\x0b\xc4\x0d\x95\xc1\x4c\x02\xa9"
	"\x02\xb9\xf3\x70\x48\xf9\xa0\x23\x88\x52\xc3\xe2\xf1\x68\x48\x04"
	"\x4a\x23\x8c\x90\x2e\x00\x1a\x13\x27\x5b\x00\xcd\x08\x3a\x43\xd0"
	"\x8c\x30\x68\x2c\xb3\x91\x97\x01\x15\x7a\x83\x01\x51\xf0\x5d\x6a"
	"\x68\x98\xb3\x28\x1a\xdd\x0c\x88\x83\x9f\x89\x44\xe4\x0a\x93\xc0"
	"\x21\x21\xe4\xbe\x09\x0f\x4e\x1c\x44\x64\x6c\x96\x0f\xc8\xe4\x59"
	"\x45\x4e\xe6\xbd\x5a\x03\xcb\x98\xf8\x82\xe2\x28\xc0\x8a\x88\x05"
	"\x4f\xb3\x02\x68\xc1\xde\x6b\x06\xe3\x1c\x0d\x48\xb0\xe0\xc3\x21"
	"\xe1\x45\x8d\xa0\xc9\x94\x32\xe5\x8c\xc7\x54\xf9\xe0\xa2\x2a\xd7"
	"\x5c\x10\xf3\x56\xf8\x62\x3c\x21\xbc\xe7\x24\x8c\xc8\xc1\xd1\xac"
	"\x58\x01\x8b\x42\x65\xa1\x90\xb0\x6b\x1a\x76\x45\xf4\x0d\xb0\xc9"
	"\x74\x4c\x65\xba\x9d\x0e\xaf\x47\x76\xd7\xcb\xb5\x9f\x44\xe4\x9a"
	"\xac\x59\x1c\xcd\x06\x84\x77\xdf\x3a\x9a\x51\x06\xdb\x7b\x58\xcc"
	"\xd1\xc8\x12\x45\x1c\x3f\xfc\x78\xd9\x7f\x2a\xcb\xb3\x95\x99\xac"
	"\xc8\x72\xd6\x12\x44\x28\xbd\xab\xc1\xcd\x0d\xc1\x80\x6a\x03\x71"
	"\xec\x2d\x13\x07\xef\x3d\xe2\x90\x86\x4d\x6f\x39\x1e\xd2\x99\x1c"
	"\xc7\xd3\xd1\x64\xe0\xe2\xab\xb2\x73\x5a\x1d\x68\x48\x23\x8c\xfd"
	"\xe9\xf5\x64\x4c\xd7\x21\xef\xe0\x75\x86\xab\x26\xf9\x98\xa9\xb6"
	"\x77\x54\x8e\xcb\xad\x45\xf6\x3d\xfe\x3c\xbc\xf4\x16\xc5\xd0\xe0"
	"\xde\x5e\x3f\x41\x22\x1e\xac\x77\x06\x53\x2a\xf5\x7b\x20\x86\xd7"
	"\x03\xd2\x32\x35\x9d\x10\xbc\x58\xc1\xae\x48\xbd\x9c\x62\x88\x08"
	"\x1b\x8e\x69\x5d\x9f\xda\x1e\x45\x16\x59\xf5\x9c\xee\xb7\x7f\x7c"
	"\x3e\x98\xea\x40\x14\x67\x37\xc3\x81\x45\x89\xcb\xde\xf7\x1f\xa8"
	"\x45\x58\x49\x7c\x9e\x0d\x66\x83\x78\x49\x50\x62\x46\x5d\x57\x84"
	"\x19\x35\x95\x59\x34\x1c\x3a\x2c\xf6\x0a\x4c\xd2\x75\x16\x01\x5d"
	"\x13\x87\x20\x31\x25\xad\x87\x00\x1a\x5f\xb9\x08\x9e\x2e\x06\x5d"
	"\x4c\x29\x5d\x35\xcc\x46\x83\x99\xfd\x33\xee\x33\x0f\x04\xf4\xcc"
	"\xae\x97\xbc\x60\x88\x9c\x6d\xae\xc5\xf8\xc6\x34\x0c\xd7\xcb\xf3"
	"\xfa\xcf\xe1\x19\x35\x58\x4c\x2a\xf2\x1d\x4e\x49\x32\x4e\xcf\xd2"
	"\x81\x1f\x0e\x07\x43\x5a\xad\x42\xe1\x4a\x4a\x42\x1e\x78\x39\x96"
	"\x97\x64\x54\x88\x43\xbe\xc0\x08\x45\xc2\x9c\x27\xf2\x05\xa1\xb4"
	"\x8b\x2d\xbc\x73\x40\x3e\x74\xfd\x5f\x46\x05\x0e\x6d\xa7\x92\x62"
	"\xff\xfc\x86\x87\x4a\x8a\xa6\x03\x71\x05\xda\x42\x55\x04\xab\x4a"
	"\x56\xf8\xe1\x82\x32\xa4\xc2\xe6\xe6\xb1\x42\x4a\xfd\xb4\xcc\x08"
	"\x9f\xf8\x38\xda\xde\x0c\x66\x84\x8c\x55\x40\xca\xd6\x1a\x67\x03"
	"\xe2\xee\x4e\x82\xae\x08\xf1\xb9\x13\xc4\x42\x4a\x10\x21\x3d\x93"
	"\xc2\x1e\xff\xbc\x8e\x59\x37\xd7\x75\x9b\xb1\x3a\xd6\xd3\x57\xc7"
	"\xfd\x74\x77\xd8\x88\x8e\xcd\x8b\xc2\xee\x2c\x87\x70\x99\x18\xf4"
	"\xba\x4f\xd9\x98\x15\xe0\xf1\xe9\xf0\xd6\x2f\xb2\x0a\x10\x2c\xbc"
	"\x65\xba\x58\x2f\x75\x4f\xaf\xba\x01\x57\xa8\x4a\xf2\xdb\x61\xb7"
	"\x7d\x3d\x8a\xfb\xc8\xeb\xb1\xad\x0d\x4e\xb7\x82\x6a\xaf\x8b\x34"
	"\x1a\x3e\xaf\x35\xd4\xf3\x23\xea\x5a\x41\x84\xe9\xa6\xce\xca\x5d"
	"\x3b\x5a\xb5\xaa\x61\x5e\xf0\x42\x86\x36\xb2\xdc\xcf\x8c\xc0\x7e"
	"\x8e\xc1\x4c\xc4\x3a\x40\x5f\xd2\xc1\x48\x06\x21\x45\xa6\x87\x9d"
	"\x82\x15\xdc\x95\x9a\x73\x61\x09\xcd\xcb\xc2\xdd\x85\xf8\xfa\xf3"
	"\x43\x7a\xa2\x1e\xa7\xbe\xf6\xa9\xab\x3a\x59\xd3\xe1\xa7\x23\xe1"
	"\xe0\xdc\x8f\xab\x55\x9a\x78\xb2\x08\x13\xe2\xda\x69\x01\xfa\xc8"
	"\xb6\x5e\x35\xba\x4e\x62\x59\x68\xe9\x34\x16\xf6\x47\x62\xf9\x40"
	"\x58\x19\x99\x28\x00\x31\xd0\xf5\x38\x4c\x13\x56\xc5\x41\x3c\x9b"
	"\x11\x7c\x48\xba\xbd\xf8\x44\xc8\x5b\xec\xf7\x0d\xcf\xd9\xfe\x1d"
	"\x93\x2a\x49\x36\xfc\xac\x0c\x1c\xb6\xfc\x07\x48\x2b\x3e\x26\x1a"
	"\x77\xf8\x4f\xfb\xbe\xad\x4c\x3a\x42\xb2\xb8\xec\x12\x5e\x20\x4a"
	"\x67\x67\x22\x63\x5d\x78\x43\x23\xc7\xe2\x82\xfd\xf8\x64\x15\x8d"
	"\xac\xed\x80\x3a\x3c\x79\xce\x31\x49\x25\xba\xfc\x51\x30\x3d\xc1"
	"\x62\xe7\xa9\x26\x65\xce\xe5\x9f\x07\xcc\x30\xfa\xef\xa7\xff\xd4"
	"\xff\xf8\xdf\x97\xef\xea\x5f\x97\xfd\x80\xe8\xe3\x1b\x41\x75\x8c"
	"\x16\x64\x8e\xfa\x88\xcf\x93\x75\xc0\xe3\x98\x70\x95\xb0\x55\x3c"
	"\x69\xb2\x47\x1e\xb9\x21\x36\x28\x86\x46\xa1\xab\xbb\x38\x11\x78"
	"\x6d\xda\xc9\x70\x73\xf1\xf9\xfe\xf0\x28\x25\x78\x7f\xc5\x05\xc1"
	"\x04\x55\x4a\x1d\x22\x0a\x11\x43\x8d\x89\x2c\x3d\x44\x4d\x08\xc6"
	"\xec\xbe\x63\x69\x66\xc4\x87\x0b\x9e\xda\x26\x42\x44\x3c\x06\x2e"
	"\x63\x60\xaa\x26\xe5\x97\x59\xe4\x11\xfd\x94\x44\x49\x96\x46\x29"
	"\x10\xd6\x09\x63\xef\xa9\xff\x42\xf8\x56\x4f\x66\x05\x55\x39\x47"
	"\x9f\xf5\x4c\xaf\x32\xb3\x2a\xf2\xa1\xe5\x4e\x96\xa0\x8d\xaa\xc0"
	"\x1a\xf0\x81\x57\xb4\x49\x92\x16\x5e\xc1\xa0\x03\xad\x95\x27\x8b"
	"\x54\x6b\x49\x8b\x14\x6b\x94\x08\x0c\xbf\x3c\x36\x17\xf7\x51\xba"
	"\x54\x2e\xea\x6d\xdb\xc6\x2b\xfc\x30\x80\x66\x60\xce\x30\x15\xdb"
	"\x3e\x44\x96\x7c\x33\x5e\x96\xb3\xc8\xdb\xe9\x1f\x50\x60\xcd\xf5"
	"\x14\x3d\xa7\x3b\x4b\xa5\xac\xe3\x07\xcc\x2a\x20\xb9\xae\xee\xe4"
	"\xa6\x5c\xe3\x36\x69\x1e\xd4\x31\x3b\xfa\x14\x63\x95\x9b\x0c\x38"
	"\x3f\x8c\x62\xc5\xca\x8c\x74\x73\x04\x3c\x8e\xc9\xe8\x3b\x5e\x69"
	"\xa3\x8a\xf0\xde\x02\xd8\xd8\x5e\xf5\x0c\x20\x93\xaa\x93\xd9\x16"
	"\x9b\x4a\xc1\x30\x15\x80\xec\x95\xea\xd2\xc0\x1a\xd3\x9d\x57\x58"
	"\x9e\x6a\x8b\x82\x54\xcb\xad\x5b\x83\xa4\x43\x39\x2f\x76\xbd\x01"
	"\xb0\x44\xba\x64\x52\xe1\xb3\x12\x87\x9a\x9e\x6f\xf3\xc0\xf0\xff"
	"\xc6\xdf\xae\xb9\x8c\xe7\x72\x55\x4c\x69\xcb\x05\x32\x3e\x6a\x46"
	"\xbf\xd1\xa0\x2d\x0d\x5a\x2e\x04\xb9\x46\xa9\xef\x00\xce\x0b\xc7"
	"\x58\x12\x1e\xf5\x1f\x6d\xbe\x6e\x24\x9f\xd3\xa2\xd3\xb0\x01\xdd"
	"\x94\xfb\xad\xf0\xdf\xd6\x2b\x8a\xbc\xdf\x6c\x59\xc0\x06\x64\x5b"
	"\x40\x09\x83\x09\x05\x3d\x87\x18\x72\xf3\xf4\x89\x55\x96\x68\xd2"
	"\xf3\xd0\x23\xbc\x0a\x55\x47\x32\x70\x8a\x27\xdf\x1c\xf1\xd6\xcd"
	"\x1b\xb1\x5a\x1a\x1e\x02\x49\x3c\x41\x08\x16\x8a\x8e\x31\x96\xaa"
	"\xbb\x81\x54\x5b\x5d\xbf\x25\xcd\xac\x0b\xc3\x31\xaa\x0c\xe0\x86"
	"\x57\x3f\x7a\xf5\xa2\xbb\xc7\x8e\x80\x1b\x53\x46\x34\x57\x5e\xb4"
	"\x14\x14\x8c\x27\x11\x07\x3d\x49\xfe\x36\xc6\xac\x3c\xc2\x6b\x9e"
	"\x9c\x2d\x56\xf6\x19\x58\xb3\xde\x5a\x37\x8d\xae\x0d\x56\x63\x60"
	"\x48\x78\xc1\x13\x90\x58\xcb\x44\x86\x55\x1b\xc3\x94\x71\x27\x5a"
	"\x69\x9f\xa0\xdb\xc0\x55\x83\x74\x50\x36\x86\xe0\x29\x80\x4d\x4d"
	"\x2f\x41\x6a\x68\x2e\x3f\xf8\x13\x33\x85\xc9\xb0\x2f\x59\xa3\x6a"
	"\x61\x38\x3a\xcb\xc2\x55\x35\xda\xc6\xcb\x93\x4e\xce\x2a\x05\xa0"
	"\x3e\x54\x41\x8b\x9c\x19\x9c\xe4\x6e\x11\x17\xd5\x7a\x68\xc3\x97"
	"\x90\x51\x67\x78\x7e\x11\x19\x0a\x61\x59\xa4\x0b\x31\xa1\x36\x92"
	"\x02\x13\x7b\x5f\xb2\x67\x6d\x8e\x7d\x68\xd0\xc2\x06\x61\x55\x40"
	"\xa2\x75\xb8\xff\xb1\x15\x8b\x8d\xf2\x1c\xb6\x54\x05\x7f\x2c\xdd"
	"\xdb\x30\xbd\x68\xe3\xed\x60\x38\x20\xc3\xd2\x0d\xd1\x2d\x2a\x7f"
	"\xf6\x6b\x35\x0d\x69\x0b\x8b\x2d\x3f\xee\x14\x62\xcc\x60\xca\xd2"
	"\xcc\xea\x02\x0d\x64\xcf\x62\x96\x14\x5e\xa4\x3e\xb2\x4e\xf2\xf4"
	"\xf8\x64\xa6\x28\x59\x08\xc9\xfe\xfb\x8e\x27\xc1\x6f\x79\x1a\xff"
	"\x11\xac\x03\x29\xcc\x8f\xb2\x5c\xb3\xb5\xa4\x37\x70\xde\xa0\x16"
	"\xa7\x0c\x16\xb6\x54\x25\x41\x2a\xfe\x58\x78\xc5\x1f\x49\xd1\xe9"
	"\xb7\xa5\x67\x93\x39\xc7\x02\x9e\x30\x5a\xd6\x5d\x14\xfc\xdd\x04"
	"\x90\xfa\xa0\x49\x65\x58\x00\x6f\x32\xbe\xb2\xc1\x79\xea\x87\x5e"
	"\x0e\x87\xc9\xdb\xcb\xc3\xc7\xeb\xf5\xf5\xf4\xe6\xb7\xe1\xa5\xbe"
	"\x9b\x8e\xa8\x65\xb1\xb8\xb6\xca\xf5\xfa\xfd\xcf\x66\x4b\xc0\x61"
	"\x26\x73\x53\x69\x54\x00\x54\x9d\x58\x40\xa7\x14\x52\x68\x2b\x96"
	"\x27\xa8\x04\xd2\x59\xf5\xeb\xde\x30\x07\x62\x2c\x96\xe4\xd0\x5c"
	"\x53\x61\x62\x68\x93\xf1\xf5\xf9\xd7\xf5\xa5\x6e\x45\xb1\x27\x9a"
	"\xc9\x3e\xf6\x5f\xdf\x5f\x2f\xfe\xb2\xad\x1c\xc6\xa9\x76\xf6\x93"
	"\x6c\x5a\x75\xdd\xa9\x74\x20\x9e\xe7\x8b\x48\xe7\x41\xd0\x88\xa3"
	"\x06\x85\x36\xe1\x20\x0c\x7a\xdd\xf9\x21\x8f\x82\x9c\x25\x54\x8f"
	"\xa5\x7e\xcc\xc3\x49\xd5\x49\xa5\x93\x30\xbf\x88\xb3\xde\x4f\x9b"
	"\xa0\x53\x80\x46\x3f\x38\x1a\x47\xcb\x25\x70\xd3\xb9\x95\xff\xc0"
	"\xc9\x6a\x11\x80\xa8\x61\x5e\x61\xc4\xdf\xfb\x61\x15\x7a\xa2\x5a"
	"\xf2\xa5\x97\x14\x5c\x7d\xab\x9e\xd5\xa2\xa9\xb8\xa7\x6f\x01\xa0"
	"\x2c\x55\xe1\x57\xc6\x0f\x9a\x1c\x2b\xc7\x4a\x46\xb4\x7a\xe4\x05"
	"\x0e\xd8\x82\x62\x9e\x4c\x8a\x48\x63\x10\x6d\x13\x7c\x99\x10\x4d"
	"\x42\xc3\xd6\x61\x13\x49\xdf\xc0\x6f\x9b\x94\x3d\x08\xcb\xb7\xc3"
	"\x3e\xc0\xc8\xb6\xdb\xcb\x97\xcb\x3e\x16\xf0\xd0\x6a\x03\x82\x12"
	"\xa4\x1b\xc2\x8f\x73\x4c\x8f\x1f\x40\x98\xa6\x87\x54\x1b\x1d\xd3"
	"\x32\xa7\x41\x8e\xa7\xfc\xdc\x8b\x09\x90\xb8\x2b\x3d\x11\x12\xc0"
	"\xb5\x43\x2b\x8e\x79\x02\xd4\x46\xa9\xc5\xb1\xe3\xeb\x33\x1a\x76"
	"\x97\x6c\x27\x4e\xe8\x8c\x86\xe6\x96\x97\x36\xfb\x0b\x6d\xc8\x86"
	"\x7c\x57\x2d\xc8\x50\x60\x6d\x59\xab\x5f\xda\x4d\x50\x0a\x37\xba"
	"\x4f\xcf\xc4\x9b\x9c\x8b\x17\xfa\x67\x61\x5e\x4f\x46\x67\xe1\xdd"
	"\x8b\x22\xb0\x22\x9a\x68\xc7\x12\xd7\x66\x3b\xc6\xcd\x5b\xe6\x68"
	"\xd1\xd3\xe3\x4d\x78\xee\x19\x96\x1b\xd8\xeb\x6b\x52\xb4\x3a\x8e"
	"\x43\xac\xc0\xb4\x1c\x3a\xbb\xb0\x19\x7e\x22\x6d\xa7\xc2\x8f\x46"
	"\x22\x18\x42\x51\x03\x37\xa2\xa4\x02\x51\x62\x98\x97\x74\xd8\x15"
	"\x71\xfb\x64\x22\x11\x17\xc6\x06\xd2\x35\xe1\x49\xd2\x41\x1a\x9d"
	"\x83\x74\xd6\xeb\xce\x18\x38\x55\x36\xac\x83\x34\x3c\x07\xe9\x9c"
	"\x81\x13\xce\x08\x1d\xa4\xc9\x39\x48\xe7\x4c\x01\x11\x94\xd2\x41"
	"\xba\x39\x8d\x74\x33\x3e\xa3\xa7\x9b\x73\x16\xf8\x66\x7c\xc6\x3c"
	"\xdd\x4c\xce\x18\xd3\xf5\x15\x3d\x4f\xa0\xc5\x22\xc1\x57\xd7\xa7"
	"\xbb\x19\x8e\xce\x19\x36\x60\xd1\x44\xe0\x09\x9f\x73\xfb\x86\x6c"
	"\x47\x32\xec\xee\xb0\x06\x30\x3a\xf9\x11\xe3\x93\x18\xa7\x27\x62"
	"\x7a\x12\x63\x76\x12\xe3\xea\x24\xc6\xcd\x49\x8c\xe1\xe9\x8f\x19"
	"\x9e\xfe\x9a\x21\xfd\x39\xab\x94\x5f\x57\xb9\x1b\x5c\x92\x60\x4c"
	"\x9e\x0e\xa2\x92\x48\x38\xd8\x60\xf8\x0c\xce\xfc\xfe\x09\x14\x38"
	"\x89\x97\x79\xea\x46\xca\x53\xd0\x9d\x4e\xbd\x6c\x97\xf3\x28\x3a"
	"\xf1\xba\xa5\xc7\x4e\xa2\xc0\x21\x7e\xe5\xc4\xe0\xf0\x5d\x9d\xd2"
	"\x62\x7d\x9c\xa4\xe4\xc5\xe9\xe9\x3b\xf5\x51\x45\x99\xaf\xa8\xbc"
	"\x72\x88\xd3\x3d\xa5\x1d\x6f\x48\xa2\x98\x4a\x6c\xea\x53\x35\x9b"
	"\x41\xae\x86\x59\xff\x2e\x4c\xec\x1f\xbf\xde\xd1\x39\xa1\x97\xc2"
	"\x7e\xc5\x76\xe6\x81\x87\xe5\x82\x83\xd4\x4d\xf0\x3c\x07\xcb\x91"
	"\x2c\x09\xfd\xb3\x7e\x96\x08\xb1\x93\xba\x36\x1c\x19\x49\x14\x4c"
	"\x29\x10\x84\x55\x0a\xef\xf3\xd0\xb4\x45\xb9\x30\x29\xf3\x24\xa6"
	"\xa8\x17\xf2\x12\xb5\xc8\xb9\x6f\x4d\x51\xde\x60\x62\xfc\xbc\x8a"
	"\x31\x17\x2d\xbe\xa6\xd4\x5b\xec\x9d\x4d\x9b\x55\x63\x6c\xfb\xad"
	"\xf5\x12\xdb\x83\xad\xce\xb2\x5d\xe4\xb1\xfb\x3b\xba\x59\x2e\x9b"
	"\xcb\x14\x11\x63\x48\x6a\x86\xca\x34\x9c\x78\x82\xfc\x76\x3c\xba"
	"\x9a\x5d\x1b\x49\x04\xe1\xa0\x1b\xb0\x04\xe6\xb4\x94\xf9\xf6\xb3"
	"\x5d\x85\xd9\xe3\x7d\x4f\x1d\x31\x5b\xcc\x0e\x92\x03\x54\x2d\xa0"
	"\x03\x2c\x94\xe8\xc2\x41\x89\x20\x32\x4f\xb3\x56\xa2\xf5\x99\xfb"
	"\x12\x03\x6f\x7d\x42\x16\x65\x7a\xae\x0f\x2b\x58\x7e\xf7\xed\xe5"
	"\x65\x6f\x56\x05\xec\xe5\xa4\xdc\x5a\x67\xb5\x86\xc9\x54\x31\x70"
	"\x04\xf3\x4e\x4c\x6d\x83\x5e\x27\xb6\x74\xad\x65\x8b\xca\x64\x28"
	"\x68\x9f\x3c\x5a\x0c\x6f\xed\x77\x93\x94\xf4\x70\xa4\xa9\x3c\x67"
	"\x77\x98\x8b\xa3\x5a\x7b\x51\xc9\x6e\x07\x24\xb2\xe0\x41\xe1\xcd"
	"\xf1\x04\x1d\xc2\x1e\x82\x7e\x6f\xfa\xa8\xb1\x5a\x13\xcb\x27\xc6"
	"\xd2\xf9\x00\x77\x65\x99\x9d\x98\x0d\x89\x0a\x84\x09\x7a\x74\x41"
	"\x44\xfd\x77\x90\xbd\x4c\x25\x41\x41\xf3\x6e\x74\x62\x3f\x16\x69"
	"\x9c\xee\x52\x37\x0e\xf4\xe7\x01\x0d\x9c\x78\x37\x26\x97\xc9\x78"
	"\xe2\x46\xda\x79\xb1\x67\x35\x11\x16\x6c\xd9\xdd\xce\x6d\xe3\xd1"
	"\x50\xed\x7a\xb4\xf2\xca\x80\x1b\xc6\x74\x4e\x54\x07\x61\x6b\x5b"
	"\x2a\xa9\xc6\x14\xe5\x22\xe9\x3e\x4e\xdc\x49\x59\x41\xa3\x76\x42"
	"\x7a\x08\xb4\xdb\xcb\x8f\xfd\xcf\xc3\xcb\xd7\x3f\x97\x8a\xe1\xaf"
	"\xf6\xef\x2f\xfb\x9f\x17\x4f\x0f\xef\xdf\xf7\xd2\x93\xed\xc8\xf8"
	"\x95\x3f\xe7\xfe\xf9\xf5\xfd\xd7\xc5\xe1\xe5\x80\x11\x0a\x87\xff"
	"\x7b\xa8\xe3\x79\xda\xe8\x42\x69\xe3\x91\x29\xbf\xd7\x5e\x0e\xb3"
	"\xc5\x31\xb5\x5d\x01\x94\xa4\x67\x3d\xc7\x56\xd8\x1d\x48\x68\xa9"
	"\x99\xf7\x52\x03\x01\x93\x69\x1e\x25\xae\xdd\x39\xd6\x41\x55\xdc"
	"\x8c\x28\x8c\xda\x43\x96\xa9\xcb\xed\xb8\xad\xa9\xa3\x2e\xe6\xad"
	"\x2c\xbe\xef\xbf\xde\x3e\x5f\x2f\x1e\x5f\xdf\xf7\x17\xaf\xef\x17"
	"\x4f\xfb\x9f\x6f\x32\x12\xca\x40\xc6\xab\x17\x23\x0f\xa1\xd1\x3c"
	"\xea\xb7\x33\x2f\xb0\x36\xf6\x51\xe7\xd1\xca\xe7\x59\xa8\x33\xca"
	"\x2e\xa4\xff\x10\x32\x09\x6b\x63\x1f\x35\xd7\x8d\x59\xc7\x36\x2b"
	"\x62\x7b\x56\xee\x0d\x9d\x1c\x89\x47\x8d\x7e\x95\x65\x23\x5b\x63"
	"\xbf\x07\x34\x47\x58\x86\x23\x3c\x23\x5d\xaa\x6a\x0d\x42\x72\x41"
	"\x2b\xe6\x07\xfd\x49\xa9\x93\x13\x51\xed\x23\xcb\x3b\xba\x25\x8e"
	"\xad\x0f\xb6\x59\x92\x9b\x8c\x87\x26\xd6\x72\x31\x1c\x5d\xc7\x65"
	"\xd4\x03\x24\x65\x64\x6f\xb4\x8d\x24\x93\x7f\xe9\xb1\xa0\x6a\x21"
	"\x73\xf1\xf5\x7a\x94\x7f\x02\x4b\x97\xb1\x82\xd0\x7d\xc2\xce\x0e"
	"\x41\x4b\xb3\x3c\x4a\xba\xf3\x34\xef\x2c\xf3\x35\x1b\x4d\xa7\xc3"
	"\x9b\x7e\x6c\xf4\xd7\xe7\x13\x7a\x35\x3f\x3e\x7c\xee\xbf\x5f\xb0"
	"\x97\x47\xdc\x74\x58\xc7\xe3\x3f\x87\xcf\xa7\x0b\xef\xe3\xe3\xf5"
	"\xf1\x20\x41\xc1\xc3\xe7\x43\x6f\xf3\xf9\x7e\xdc\x9f\x60\x3f\xb6"
	"\x0c\xd1\x0f\x3d\xf8\x6f\x34\xc8\xd2\x68\x47\x16\x5e\x6c\xb7\xe3"
	"\x92\x63\xd9\xbc\x73\x70\xa2\x93\x48\xa3\xe9\xcc\x85\x03\xc2\xae"
	"\x14\x33\xc2\x69\x5f\xc7\x19\x76\x3c\xb2\x4d\x14\xc1\xee\xf8\xba"
	"\x37\x17\x0c\xbe\x19\xd8\xdf\xba\x61\x69\x73\x19\x99\xf9\xfc\xfa"
	"\x5d\x2f\x5d\xd6\xcc\xd0\xdc\xb6\xb4\xfe\x62\x4e\xbf\xd4\x2f\xfa"
	"\xdb\xc7\xb7\xd0\x3c\xf3\xe7\x96\xae\xa3\x7c\xe3\xfa\xe8\x0c\x06"
	"\x44\xbf\x7a\x6b\x26\x98\x6c\xb8\x08\xdb\x6d\x72\xc2\xdf\xaf\x59"
	"\x93\x00\x0e\x5f\x45\x19\xf7\xc3\x09\x1f\x3e\x9e\xa8\xa9\x89\xf5"
	"\x22\xd1\x0d\x53\xb5\x35\x6e\xed\xb3\xb8\x8e\x2d\x41\xb6\xc1\xe1"
	"\xc7\xfe\xe3\xb3\xff\xb2\xdc\x1f\x8f\x7c\xcb\xbe\x85\x66\x4b\xd7"
	"\xf3\xc8\x5b\xb1\x91\x70\x6e\xbf\xdc\x2f\x86\x83\xc0\xac\xf8\xd5"
	"\xd9\x34\xb5\xdc\xe8\x2d\xc2\x19\xdb\x25\x0e\x26\x0e\xa6\x18\x4c"
	"\x6d\xbc\x86\x03\x61\xb2\x08\xff\xba\x7a\xce\xe3\xe0\xc4\x36\x44"
	"\x8c\xd9\xe0\x04\xc6\x89\x1d\x08\x18\xe3\x91\x6b\x6b\x85\xde\xb0"
	"\xb7\x1c\xd0\x08\xdd\xda\x9a\xa7\x43\xdb\x32\x01\x60\xec\x1a\x84"
	"\x88\x9d\xe0\x62\x99\x53\x35\x92\x1a\x8e\x9f\x4d\x87\xfd\xd8\x11"
	"\xff\xf0\xf6\x64\xa4\x5c\x6b\x39\x93\x6d\xfb\x40\x6b\x27\xef\x5d"
	"\x0f\x23\x29\xe7\x5c\x38\x64\x44\xee\x4f\xac\x44\x9a\x6e\xe8\x44"
	"\xf9\x35\x95\x7a\x31\x8b\x22\xee\xb9\x71\x44\x31\x3d\x85\x30\xa3"
	"\x87\x17\x58\x3f\x7b\xd1\x13\xa6\x3d\xbe\x12\x7a\xf7\x44\xcd\x80"
	"\x66\xfd\xe0\xf8\xe3\x8d\x9c\x94\xd8\x88\x20\x67\x37\x8c\xb9\x5f"
	"\xc3\xf2\xac\x93\x0a\xaf\x4f\x49\x13\x27\x25\x31\x8f\x9e\x9f\x62"
	"\x93\xe2\x32\xf5\xc8\xba\x6e\x3f\x26\xd4\x69\x6a\x0f\xbc\x61\x84"
	"\x91\x79\x0c\x68\x66\x5a\x5e\x8e\xf5\x7a\x8a\xee\x53\xcb\x0a\x5c"
	"\x4f\x9c\xb4\x1d\xdd\x4f\x4e\x80\x43\x27\x1f\xc1\xbb\xad\x7e\x38"
	"\xca\xc3\xcb\xf7\xd7\xe7\x8b\xe4\xeb\xf9\xcf\xfd\x7b\x93\xad\xc0"
	"\xf6\x29\x5e\x22\x78\xe5\x67\x36\x75\x39\xc8\xe7\xcb\xa6\x8e\x9f"
	"\x05\x52\x8b\x88\x9e\xaa\x2a\x61\x9e\x7b\x3b\x48\x24\x10\xb0\x0e"
	"\x62\x06\x8c\xde\x7b\xbf\x71\x3c\x35\x31\x0c\x27\xc8\x76\x84\x0a"
	"\x8b\x89\xd3\x4f\xbe\xbf\x45\x14\xb5\x1e\x7f\x16\x32\x4c\xd2\x59"
	"\x78\x78\xe2\xa1\xbf\x4c\x5a\x3a\xa4\xa7\xaf\x79\x14\xfb\x79\xf8"
	"\xf3\xfd\x01\x8e\xa0\xef\xaf\x5f\x9f\x87\x17\xd3\xa5\xa7\xa1\x05"
	"\x3e\x3f\x47\x24\x22\x9a\xda\x8f\xf4\x28\x10\xa7\x91\x7f\x70\xe8"
	"\xe0\xf7\xec\xf6\xc6\xda\xd1\x39\x42\x52\xbe\xd0\xaa\x06\xd3\x43"
	"\xb3\x6b\xab\x9d\xa9\xda\xd8\x08\x8c\xad\x41\x35\x76\xaa\x41\x88"
	"\x02\xe7\xe2\x3c\xdd\x56\x7e\x92\x4c\xa7\xdb\xed\x29\x6c\xdf\x5b"
	"\xf3\x32\xae\xee\xf9\xc9\x7e\x1d\xe9\xd3\x8d\x01\xe6\x8c\x9d\x42"
	"\xc2\xe2\x09\x68\xb0\x70\xb1\xf4\x3a\x03\x29\xd7\xbd\xfa\x3c\xb1"
	"\x8b\x63\x86\x86\x5c\x69\x35\x2e\x76\x99\x1d\x98\x95\xf3\xa8\xc6"
	"\x11\xe5\xdc\x44\xdb\x4e\x07\x37\x95\xcf\xe0\x5b\x16\xdc\xc7\x8b"
	"\xfe\x0c\xdd\x86\x34\x8d\x37\x5b\xf9\xe2\xaa\xf6\x0c\xd1\xa0\x47"
	"\xbb\xb8\x84\xe3\xe1\x08\x5f\x40\xc4\x85\x2f\xd1\x74\x9a\x31\xe5"
	"\xfd\x89\x5e\x93\xf2\x65\xdc\x92\x46\xd5\xc7\xd4\x10\x7f\xc9\x93"
	"\xd2\xc7\xc5\x5f\x18\x99\x72\xf8\xf1\xa2\x62\xe1\x1e\x9f\xf6\x8f"
	"\x7f\x1f\x5e\x7e\x1c\x79\x97\x4c\x23\xc6\xb0\x7f\x7c\xf7\xed\xe5"
	"\x23\x3c\xfc\xf1\x07\x3e\x01\x68\xd5\xdf\xfb\x5f\xbf\xbf\xed\x9f"
	"\x2f\x35\x0f\x21\xcc\xd1\x2d\xdd\xdb\x95\x05\x3e\x37\x5d\x5d\x7a"
	"\x70\x81\x96\x59\xfd\xde\x1e\xe1\x6c\x5b\xe4\x9e\x3e\x65\x94\x85"
	"\x2e\x4d\x02\x2f\xdf\x75\xdf\x67\xc7\x56\x5d\xc3\x9e\xf6\x57\x11"
	"\x17\x85\x0d\xb9\xbd\x5f\x48\xb0\x57\xe9\xd1\xb9\x68\x58\x47\xd4"
	"\xe7\x19\x2d\x7a\x91\x33\x2c\x89\xc3\x3a\xa5\x77\xa4\xbf\x92\x0d"
	"\xaa\xae\x1d\x3c\xed\x98\xde\xc4\x54\x89\x22\x4f\x7c\x34\x8f\xe7"
	"\x69\xdc\x78\xab\x5a\x50\x22\x96\x10\x50\x4c\x59\x2f\x33\x74\xf7"
	"\x41\x58\x0a\xb7\xf1\xfd\xd7\x3d\xaa\xd0\xd7\xd3\x8f\xb3\xad\x1f"
	"\x2e\xa5\xdb\x70\xce\x16\x16\x9f\x2b\xac\x93\x55\xc5\x65\x54\xf0"
	"\x2c\xe2\x26\x7d\xf2\xa4\xf6\xe1\xec\xa4\x9a\x6d\x37\x98\x8f\x51"
	"\x4e\x85\x61\xf4\xf1\x87\x33\x93\xe1\xf8\x55\xff\x6c\x61\x80\x79"
	"\x51\x56\x76\x4b\x45\xef\x40\x03\x0d\xd6\xf0\x20\x13\x01\x36\x2c"
	"\x9b\xef\xae\x2d\x8f\x2a\x08\xa5\x2b\x48\x14\x2f\xdf\x50\x74\xa9"
	"\x30\xe6\x9c\xd2\xae\xfc\x19\xd9\x33\x09\xb8\xb2\x5d\xdc\xf0\x79"
	"\x7b\xc6\xd3\x71\x6d\x7e\x97\xd2\xd0\xdc\xcf\x86\xaf\x9a\xe5\x1a"
	"\xa3\x8d\xcc\xd3\x51\x8e\x3e\x4d\xb2\x4a\x81\x7b\x4a\xef\x51\xda"
	"\x80\xa4\x35\x75\x35\xd9\xda\xd3\xe0\x74\x1f\x26\xb3\x35\x60\xb6"
	"\xf6\x89\xd9\x7e\x8c\x96\xb8\x47\x80\xd5\x40\xdd\xa0\x57\xcb\x7b"
	"\x3d\x46\x54\x03\xcc\x01\x30\xb2\x42\xa2\x7b\xbd\xf8\x89\x01\x98"
	"\xf4\x37\x95\xe5\x1e\x0c\xc4\x51\x50\x89\x34\x4a\x8d\x9c\x91\x7a"
	"\x2b\x5e\x52\x5e\x13\x20\x78\xa1\x06\x2a\x80\x15\x0a\x86\x0b\x64"
	"\x6b\xab\x56\x7a\xf1\x0c\xad\x7d\x1e\x5b\x9b\x17\x42\x0f\x79\x15"
	"\x22\xf5\x39\x70\x22\xc9\xa9\x72\xcf\xb8\xae\x93\x51\x42\x2c\xee"
	"\x36\x61\x74\x42\x65\x70\x10\x6c\x37\xaa\xc5\x24\xf2\x63\x54\xa1"
	"\x71\x60\x53\xcb\x22\xec\xc0\x64\x51\x76\x2f\x93\x57\x5b\x5d\xe7"
	"\x4e\x84\xe1\x15\x64\x55\x54\xb3\xc9\x9c\x17\x1d\x86\xda\x4c\x3a"
	"\xa2\xf9\x69\x28\xf5\x53\x6d\xa9\xa0\xb5\x66\x44\x69\xa6\x5f\x9a"
	"\x6d\x78\x5a\x44\x73\xad\x61\x19\xa9\x75\xd3\x18\x52\x56\xc2\xf9"
	"\x5d\xff\xb0\xe0\x4e\x67\xcf\x51\x6a\x58\x9e\xf0\xb7\x6b\x3b\x24"
	"\x91\x19\x0d\xe3\x47\xf7\x55\xe1\x99\xc6\xab\x34\x0f\x08\xab\x05"
	"\x4c\x80\xfd\x02\x22\xbf\x43\x1d\xd1\x16\x7c\x17\x67\x1c\xf6\x9a"
	"\xb6\x6b\xf8\x7c\x11\x68\x73\x83\xb1\x93\x39\x5a\x11\x8b\x7c\x47"
	"\x4c\xea\x3a\x10\x69\x9f\xbe\x97\xac\x90\xf5\x3c\x16\x81\x4e\x20"
	"\x62\x29\x2b\xaf\x5a\xc4\x84\xc0\x24\x03\x1e\x37\xef\x6c\xfd\x55"
	"\xc0\xb2\xb4\xe8\xb4\x29\xf5\x1c\xa6\x01\xeb\x4b\xc9\xf2\x09\xc3"
	"\xb6\x7e\x82\x80\xc5\xef\x44\xa9\xe1\x75\x7a\xb2\xb4\xce\xba\x79"
	"\xed\xd4\x68\x30\xb2\xf5\xed\xfd\xf0\xf2\xf9\xb7\x4a\x8c\xf0\xbc"
	"\xff\xf8\xd1\xf7\x42\x90\x62\x7e\x25\xcb\x46\x18\xae\xc4\xe8\x9e"
	"\x08\xf2\x70\x19\xe1\x45\x6d\x7b\x6f\x71\x45\x62\xdc\x95\x9c\x15"
	"\xb7\x93\xa3\x0b\xb3\x52\xe7\x7a\x3d\x4c\x34\x47\x06\x2c\x44\x52"
	"\xbf\x5f\x3a\xba\xdb\x98\xd9\x2e\xf1\x62\xa4\xf9\xba\x18\x92\x76"
	"\x5b\x87\xbe\xec\xcd\x30\xca\x04\x67\x13\x55\xc0\x54\x06\xa7\x08"
	"\xe2\x86\x4f\xfa\xbf\x2b\x9d\x4e\xd6\xc7\xc4\xd3\x91\x25\x6f\xe6"
	"\xf3\xdb\xe1\xe7\xfe\xb7\xcf\xc3\x73\xad\x13\x7e\xc8\x19\x7c\x54"
	"\xed\xef\xfd\x49\x54\x1d\xd7\x47\xad\xce\xeb\xb0\x15\xe3\x3c\x4a"
	"\x9f\xb0\x49\x68\x68\x02\x94\x8b\xc2\xca\xd2\x5b\x94\x60\xe3\xe5"
	"\x0b\xc3\x38\xb4\x0c\x60\x33\xfa\x39\xcf\x0a\xab\x3b\x76\x5d\xb1"
	"\x02\x54\x44\x75\x5d\xae\xc5\x3e\x60\x1d\x51\x19\xad\x73\x3b\x1a"
	"\x4c\xae\x4d\x5a\xcb\x80\x43\x62\xf4\x6f\x4c\x78\xfa\xc2\xc9\x53"
	"\x55\xed\x12\x94\xab\x0c\x28\x56\x18\xb8\x10\xcf\xd3\xc8\xea\x09"
	"\x8b\xe4\x91\x6e\x92\x8e\xb2\xdf\xb6\x36\x23\xaf\x09\x87\x9c\x15"
	"\x33\x6a\x20\x64\x58\x30\xa5\x0e\xa2\x73\x4c\xb7\x50\x11\x6f\xe8"
	"\x1f\x1f\x7b\x54\x11\xd1\x2e\x92\x9c\xab\x2a\x4d\xa2\x9d\x35\x26"
	"\x5d\x22\x24\x75\x7d\xd6\x96\x12\xbb\xf3\x5d\xb7\xf7\x09\x45\x15"
	"\x90\xde\x30\x6f\x85\x9e\x34\xc8\x93\xad\x15\xe7\x30\xbb\x02\x68"
	"\xf3\x7a\xd6\x04\xad\xb1\xbd\x99\x55\xb3\x77\x3b\xf8\x67\x68\xc3"
	"\x02\xe5\x99\xeb\x0a\xb8\x1a\x81\x0a\x23\x69\x54\xfe\xfa\xa2\x3a"
	"\xd8\xff\xf9\xf5\xe3\x87\x71\x2a\x92\x8b\x04\x72\x95\x25\x42\x45"
	"\xd3\x75\xbe\x04\xe1\x52\xc2\x38\x16\xa0\xad\x9c\x94\xa6\x44\x62"
	"\x0c\x79\x1a\x4c\xb9\x48\x13\xea\x50\x73\x7c\x1b\x56\xc7\x76\xa0"
	"\xe4\x69\xe0\x61\x84\x19\x75\xc1\xa6\xb0\xd2\x39\xc6\x41\x12\xee"
	"\x17\x51\x39\x57\xee\x28\xb6\x82\x8b\x28\x48\xea\x29\x04\xb5\x21"
	"\x52\xc5\x5f\x3a\xbd\x37\x10\x17\x51\x4a\xb9\x50\x22\xe3\x74\x60"
	"\x59\x7d\x21\x5a\x09\x54\xe3\xf0\xbc\x28\xbd\xa8\x3f\x8a\x1a\xe0"
	"\x62\x8f\xaa\x00\x17\x5e\xf7\xbb\x26\x5d\x51\x28\xaa\x32\xe4\x8c"
	"\x28\x1d\xcd\x13\xba\x0b\x53\x07\x20\x0b\x5b\x78\x7a\xd4\x65\xed"
	"\xff\xa0\xa0\x3d\x8d\xdd\x80\x1e\x9f\x3d\xfa\xb6\x21\xc0\x32\x9e"
	"\xfa\x01\x9c\xdf\xa3\x87\x50\x3b\x67\x2b\x3f\x5d\xf7\xde\x01\x0f"
	"\x40\xb3\x8a\xa0\xad\x32\xe3\x48\x80\xf8\xae\x65\x0c\x31\x71\x4b"
	"\xef\x9e\x0a\xf7\xd1\x05\xe6\x63\xfd\x7a\x53\xf2\x24\x7c\x78\xf9"
	"\xd1\xa9\x48\xb7\x28\xf0\x08\x2a\x03\xd8\x1d\x19\xf2\x15\xb0\x0a"
	"\x4b\x50\x08\x0a\x4f\x10\x75\xa0\xef\xda\x90\x7c\x62\x7f\xb5\x1b"
	"\x30\xb3\xf3\x67\x0d\xde\x75\xae\x52\xc0\xa6\xd4\xd9\xb4\xd5\x5b"
	"\x64\x39\xfb\x4e\xe1\xc2\xba\xc6\x7d\x47\x38\x1e\x2b\xa7\x49\x30"
	"\x15\xb8\xd6\xa2\x81\xe6\x8d\xc5\x1d\x0b\x8c\x40\xb5\x59\x2d\x64"
	"\x37\x5d\x7f\x31\xd9\xb5\xda\x55\xe8\x5f\xd5\xc8\xbf\xce\x7a\xe1"
	"\x67\xac\x18\xcb\x4e\xb0\x19\x38\xa7\xc4\x59\x5f\xf1\xc2\x15\x3d"
	"\x32\xc9\x8b\x7f\x7d\xbc\x1d\x5e\xf0\x7e\xf8\xe3\xdf\x17\xcf\x5f"
	"\x9f\xfb\x7f\xf6\xf0\x8f\xfd\xe7\xe3\xef\xbf\xff\xfe\x3f\x47\x0e"
	"\x2a\xe3\x9b\x65\xbf\xb2\xc6\xbb\xa5\xb2\x64\x96\xa7\xeb\x36\x8e"
	"\xd9\x9e\xe4\x03\xfb\xc0\x2f\x76\x31\x3e\x34\x5a\xc0\x11\x88\xb9"
	"\x14\xa2\xa6\x5a\xac\x8b\x29\x9c\xec\x64\xb3\x51\x48\xc0\x29\xd3"
	"\x0d\x59\x51\xbc\x1e\xd5\x46\xb0\xd8\xd5\x99\xfc\xb4\x53\x12\x04"
	"\x8e\x9d\xa8\x19\x8a\x08\x96\xee\x44\x5f\x38\xc7\xd2\x08\x5f\x6b"
	"\xcf\x82\x9e\x50\xd8\x73\xb2\x6e\x35\x29\x2b\x8e\x1f\x4a\x1f\x80"
	"\x14\xd3\x00\x2e\x00\x67\x7f\x9d\xb9\x49\x52\x94\x40\xa3\xcc\x16"
	"\x6a\x15\xe8\xab\x55\x26\x78\x71\x05\x24\xab\x6c\x0e\x8e\x8f\x5a"
	"\x29\x59\xe5\x96\x45\xf0\xff\x9a\xe5\xf3\x54\xb0\xae\xa0\xa7\x21"
	"\x68\x1b\xb4\x08\x74\x2e\x01\x2e\x1a\x72\x6d\x1d\x19\x65\xce\xdd"
	"\x5a\xb9\x0f\x2a\x32\x9c\x67\x79\xc7\xff\x51\xdd\x31\xf9\xa5\xa1"
	"\x86\x1c\xb5\x50\xbf\x54\x5e\xc7\xe4\x6a\x21\x06\xb5\xa4\x1a\x0a"
	"\x8a\x32\x58\x1c\x58\x83\xb6\xcc\xe3\x50\x87\x1f\xb9\x15\x22\xdd"
	"\x0e\x3a\x2f\x20\xb3\x2c\x20\x94\xdd\x09\x47\x64\x6e\xbd\x7b\xee"
	"\x6a\xf5\x2f\xef\x29\x7e\x1d\x4c\x95\x1a\x01\x94\x2f\x34\xd9\x13"
	"\x36\x36\xf8\x98\x30\x2d\xb2\x48\xa9\x14\x32\xb6\x4e\x26\xc6\xb2"
	"\x3b\xc2\xd7\x8b\x83\x65\x93\xd3\xfc\x54\x32\x88\x33\x12\x46\xa0"
	"\xb9\x2b\xf1\x77\x45\x6a\x2b\xeb\x98\xa4\x99\x9a\xae\xbc\xa3\x13"
	"\x2c\xca\x44\x29\xdb\x6e\xe8\x32\xf7\xb2\xd0\x8e\xd3\x1c\x15\x17"
	"\xcd\x06\x33\x3a\x50\x5b\x32\x96\x35\x08\x41\x5b\x44\xfb\x43\x07"
	"\x05\xc3\x89\x25\x05\x20\xa6\xd4\xd2\x45\xb7\x98\x7c\xfd\xa0\xea"
	"\x45\xb3\x31\xc9\xe1\xc8\x54\x6b\x9d\x77\xab\xb7\xfa\x75\x2d\xee"
	"\x86\x28\x90\x1d\xb5\x95\x40\x5b\x17\x57\x59\xbd\x11\xf0\x8d\x2b"
	"\x03\x5c\x39\x5c\x6c\xb1\xe1\x78\x00\xe9\x7e\xb8\xd6\x95\xe4\x97"
	"\x1b\x40\xd4\xcd\x38\x98\x29\x0a\x8e\xe0\xcb\x7e\x05\xcc\xbc\x98"
	"\xf7\x5b\x80\xa7\xa1\xbb\x37\x52\x4c\x56\x0a\x3d\xb2\x5a\xca\x3e"
	"\xb4\xc0\x58\x67\xa7\x37\xec\xc6\x7e\xd2\x1d\x6f\x8d\xa8\x09\xbc"
	"\x86\xb0\x3a\x13\x47\x92\x03\x45\x09\x9a\xe0\x6c\xc7\xaa\x62\x11"
	"\x6c\x2e\xc8\xf9\x1d\xe8\x5a\x0b\xfa\xe9\x1a\x42\x14\x9b\x42\xad"
	"\xc2\x81\x10\x6e\x60\x0b\xb8\x10\x6a\x62\xac\x09\x4e\x50\x02\x24"
	"\xaf\x44\x02\xea\x75\x98\xf6\x49\xad\x01\xb4\x7a\xb8\xb9\xec\x73"
	"\x10\x20\x40\x2d\xa0\x43\xc8\xfb\xb0\xae\x8b\x70\xd3\xde\xe4\x86"
	"\x0a\xea\x07\x08\x01\xdf\xa2\xc3\xe6\x70\x22\x2a\x4d\xcb\xf1\xe1"
	"\xf3\x68\x25\x6f\x1a\x6d\x99\x69\x1a\xdd\x5a\x56\x9d\xaf\x97\xee"
	"\xf8\x45\xa5\xbd\x79\x9e\x2d\x7a\x6d\x76\xcc\x1e\x77\x38\xae\x46"
	"\x43\x51\xf5\x77\xda\x7c\x05\x08\xf6\xd1\x5b\x51\xac\xcd\x0b\xda"
	"\x3b\x29\x8e\x42\xbc\x7a\xab\x2b\xf9\x11\xe9\x54\xdb\xfd\x55\xcd"
	"\x81\x8d\x86\xb1\x97\xdb\x15\x33\x7d\xeb\x9f\x8f\x79\x72\x84\xda"
	"\xf6\x91\x36\x39\x1a\x53\x7d\x32\x83\x93\x81\x34\x68\xe3\xd4\x11"
	"\x94\x8c\xef\xaf\xe3\x82\xba\x25\x21\xa5\xc9\x1b\xd4\x0b\x2a\x35"
	"\x4c\x0e\xf3\x0d\x12\x59\x8e\x02\xbb\xa9\xbd\x44\x8e\xc2\x66\x15"
	"\x10\x39\xe5\xe4\x85\xb1\xbc\xea\x14\xc0\x69\x68\x14\x12\xaa\x28"
	"\x51\x1e\x04\x65\xdc\x05\x35\x0f\xf3\x46\xa7\x93\x1a\xa1\x43\x15"
	"\x99\x63\x86\x1b\x1a\x2e\xcd\x42\x38\x9b\x6e\x34\x95\x18\x93\x86"
	"\x2b\xb5\x78\x36\x71\x67\x08\x94\x9f\x1e\xb2\x2d\x66\x77\x73\xcc"
	"\x8d\x32\x3a\xab\x48\x22\x41\xe3\xad\x00\xb1\x48\xb7\x34\x82\xba"
	"\x4c\xa6\xe1\xca\xde\xed\x84\x83\x8e\x12\x05\x34\x46\x59\x72\x07"
	"\x14\xf3\xde\x2c\x40\x3c\xd2\x18\x39\x1a\x90\x8b\x6e\xf8\x52\x67"
	"\xbe\x28\x67\x1f\x09\xe5\x81\xe7\x20\xc4\x95\x83\x4a\xa5\x3f\x4f"
	"\x37\x17\x4f\x67\x02\x32\xfb\xec\x2d\x78\x82\x69\x21\x4f\x31\x0b"
	"\xd9\xc7\x82\xe7\x31\x9c\x35\x1c\x1f\xa8\x32\xaa\x38\x06\xda\x33"
	"\xd3\x77\xe9\x45\x46\xa0\x91\xa1\x87\x8a\x58\xe2\xd4\xb1\x52\x31"
	"\x8b\x49\xd3\x53\xf3\x0e\x3c\xd0\x11\x28\xf0\x38\xa1\xe6\x4b\x0b"
	"\x5f\x52\x49\x43\x20\xb0\xef\xbc\x6c\x52\x81\xf5\x6d\x0d\x1d\x1c"
	"\xbb\xac\xf3\xb0\xd8\xee\x09\xdb\xd7\x32\x30\x2e\xbd\xf0\xb7\xcb"
	"\x76\x57\xce\xa5\x95\x0a\xf9\x0d\xbf\x97\xf2\x56\x7f\x5a\x42\xdd"
	"\xa6\x3f\x99\x93\x93\x0b\xa5\x0a\xb2\xc0\x48\xda\x0b\x1c\x21\x2b"
	"\x70\xbb\xcb\x82\xce\x9d\xd4\xa9\x47\x60\x5d\x03\xdb\xce\x7a\x38"
	"\xda\x71\x1a\x9d\x94\x13\xf7\x74\xaa\x3b\x75\x84\xc5\xcf\x90\xfa"
	"\x2b\x68\x5b\x82\xb9\x0e\x90\x9b\xad\xeb\xa8\x1f\xf1\x65\x52\x5b"
	"\x71\x5d\xef\x64\x18\xc7\x44\x73\x46\x89\xa4\xe2\x52\x41\x91\x41"
	"\x43\xfb\x9c\x2d\x30\x7f\x46\xec\xad\x08\x67\x06\x80\x0a\xbe\x0c"
	"\x8d\x0e\xff\x1f\xea\xbd\x89\x4e\x0b\x75\x02\x00"
MAGIC_END;
